Entity,Total Assets,Total Liabilities,Total Class A Share Value Issued EOP,Class A Preferred Value,Class B Shares Value,Membership Interests,Class C Issued and Outstanding 2023,Total Class A Shares,Class A Preferred Issued EOP,Class A Pref Shares Issued Value,Subscriptions Settled Value,Accumulated RE BOP,Class A Shares Issued Balance BOP,Class A Shares Issued Value Balance BOP,Pref Class A Shares Balance BOP,Pref Class A Value Balance BOP,Membership Interest Issued BOP,Membership Interest Issued,Membership Interest Converted 2023,Net income/(loss),Share-based compensation - administrative services fees,Other amounts due to affiliates,Net Cash Provided/(Used) in Operating Activities,Purchase of artwork,Net Cash Provided/(Used) in Investing Activities,Proceeds from issuance of Class A ordinary shares,Net Cash Provided/(Used) in Financing Activities,Net Change in Cash and Cash Equivalents,"Cash and Cash Equivalents, beginning of period","Cash and Cash Equivalents, end of period",Issuance of Class A ordinary shares from subscriptions previously received,Net Income,Weighted Average Class A Shares Outstanding EOP
"masterworks 001, llc","1,815,121",0,"1,815,021",0,100,—,0,"105,570",0,0,-,"-272,994","104,784","2,088,015","24,956",100,-,-,-,"-14,918","14,918",0,-,0,-,0,-,-,121,121,0,"-14,918","104,981"
"masterworks 004, llc","989,844",0,"989,743",0,100,-,0,"57,274",0,0,-,"-147,309","56,848","1,137,052","13,613",100,-,-,-,"-8,156","8,156",0,-,0,-,0,-,-,121,121,0,"-8,156","56,955"
"masterworks 005, llc","1,080,790",0,"1,080,690",0,100,-,0,"62,425",0,0,-,"-162,448","61,963","1,243,138","14,860",100,-,-,-,"-10,744","10,744",0,-,0,-,0,-,-,121,121,0,"-10,744","62,079"
"masterworks 006, llc","5,171,361",0,"5,171,261",0,100,-,0,"297,066",0,0,-,"-727,480","294,852","5,898,741","1,000",100,-,-,-,"-47,678","47,678",0,-,0,-,0,-,-,121,121,0,"-47,678","295,406"
"masterworks 007, llc","1,949,209",0,"1,949,109",0,100,-,0,"111,968",0,0,-,"-319,815","111,134","2,268,924","1,000",100,-,-,-,"-29,307","29,307",0,-,0,-,0,-,-,121,121,0,"-29,307","111,343"
"masterworks 008, llc","1,168,186",0,"1,168,086",0,100,-,0,"67,313",0,0,-,"-170,322","66,809","1,338,408","1,000",100,-,-,-,"-10,418","10,418",0,-,0,-,0,-,-,121,121,0,"-10,418","66,935"
"masterworks 009, llc","600,121",0,"600,021",0,100,-,0,"34,471",0,0,-,"-90,369","34,213","690,390","1,000",100,-,-,-,"-7,331","7,331",0,-,0,-,0,-,-,121,121,0,"-7,331","34,278"
"masterworks 013, llc","1,380,121",0,"1,380,021",0,100,-,0,"79,124",0,0,-,"-190,717","78,536","1,570,738","1,000",100,-,-,-,"-11,883","11,883",0,-,0,-,0,-,-,121,121,0,"-11,883","78,683"
"masterworks 015, llc","2,005,121",0,"2,005,021",0,100,-,0,"114,989",0,0,-,"-314,048","114,131","2,319,069","1,000",100,-,-,-,"-21,373","21,373",0,-,0,-,0,-,-,121,121,0,"-21,373","114,346"
"masterworks 017, llc","3,500,121",-,"3,500,021",0,100,-,0,"199,400",0,0,-,"-460,350","197,918","3,960,371","1,000",100,-,-,-,"-29,759","29,759",0,-,0,-,0,-,-,121,121,0,"-29,759","198,289"
"masterworks 018, llc","2,420,121",0,"2,420,021",0,100,-,0,"138,146",0,0,-,"-327,138","137,120","2,747,159","1,000",100,-,-,-,"-23,152","23,152",0,-,0,-,0,-,-,121,121,0,"-23,152","137,377"
"masterworks 019, llc","1,800,121",0,"1,800,021",0,100,-,0,"103,028",0,0,-,"-238,833","102,260","2,038,854","1,000",100,-,-,-,"-11,201","11,201",0,-,0,-,0,-,-,121,121,0,"-11,201","102,452"
"masterworks 020, llc","700,121",0,"700,021",0,100,-,0,"40,065",0,0,-,"-94,851","39,765","794,872","1,000",100,-,-,-,"-6,600","6,600",0,-,0,-,0,-,-,121,121,0,"-6,600","39,840"
"masterworks 021, llc","3,000,121",0,"3,000,021",0,100,-,0,"170,909",0,0,-,"-411,661","169,637","3,411,682","1,000",100,-,-,-,"-32,226","32,226",0,-,0,-,0,-,-,121,121,0,"-32,226","169,955"
"masterworks 023, llc","500,121",0,"500,021",0,100,-,0,"28,538",0,0,-,"-66,272","28,328","566,293","1,000",100,-,-,-,"-4,968","4,968",0,-,0,-,0,-,-,121,121,0,"-4,968","28,381"
"masterworks 024, llc","1,100,121",0,"1,100,021",0,100,-,0,"62,804",0,0,-,"-146,248","62,336","1,246,269","1,000",100,-,-,-,"-9,332","9,332",0,-,0,-,0,-,-,121,121,0,"-9,332","62,453"
"masterworks 026, llc","937,620",0,"937,520",0,100,-,0,"53,979",0,0,-,"-155,487","53,577","1,093,007","1,000",100,-,-,-,"-17,726","17,726",0,-,0,-,0,-,-,120,120,0,"-17,726","53,678"
"masterworks 027, llc","1,250,121",0,"1,250,021",0,100,-,0,"71,973",0,0,-,"-179,926","71,439","1,429,947","1,000",100,-,-,-,"-11,056","11,056",0,-,0,-,0,-,-,121,121,0,"-11,056","71,573"
"masterworks 029, llc","2,700,121",0,"2,700,021",0,100,-,0,"155,220",0,0,-,"-389,217","154,062","3,089,238","1,000",100,-,-,-,"-25,563","25,563",0,-,0,-,0,-,-,121,121,0,"-25,563","154,352"
"masterworks 030, llc","7,750,120",0,"7,750,020",0,100,-,0,"445,836",0,0,-,"-1,163,895","442,518","8,913,915","1,000",100,-,-,-,"-90,814","90,814",0,-,0,-,0,-,-,120,120,0,"-90,814","443,348"
"masterworks 031, llc","1,000,121",0,"1,000,021",0,100,-,0,"57,433",0,0,-,"-144,921","57,007","1,144,942","1,000",100,-,-,-,"-10,026","10,026",0,-,0,-,0,-,-,121,121,0,"-10,026","57,114"
"masterworks 033, llc","1,575,120",0,"1,575,020",0,100,-,0,"90,454",0,0,-,"-217,388","89,782","1,792,408","1,000",100,-,-,-,"-11,535","11,535",0,-,0,-,0,-,-,120,120,0,"-11,535","89,950"
"masterworks 034, llc","1,150,120",0,"1,150,020",0,100,-,0,"66,141",0,0,-,"-162,427","65,649","1,312,447","1,000",100,-,-,-,"-9,230","9,230",0,-,0,-,0,-,-,120,120,0,"-9,230","65,772"
"masterworks 035, llc","1,800,120",0,"1,800,020",0,100,-,0,"103,388",0,0,-,"-254,846","102,620","2,054,866","1,000",100,-,-,-,"-17,061","17,061",0,-,0,-,0,-,-,120,120,0,"-17,061","102,812"
"masterworks 036, llc","9,000,120",0,"9,000,020",0,100,-,0,"516,514",0,0,-,"-1,307,137","512,668","10,307,157","1,000",100,-,-,-,"-98,919","98,919",0,-,0,-,0,-,-,120,120,0,"-98,919","513,630"
"masterworks 037, llc","5,500,120",0,"5,500,020",0,100,-,0,"315,310",0,0,-,"-757,610","312,964","6,257,630","1,000",100,-,-,-,"-46,216","46,216",0,-,0,-,0,-,-,120,120,0,"-46,216","313,551"
"masterworks 039, llc","1,550,120",0,"1,550,020",0,100,-,0,"88,889",0,0,-,"-219,756","88,229","1,769,776","1,000",100,-,-,-,"-15,137","15,137",0,-,0,-,0,-,-,120,120,0,"-15,137","88,394"
"masterworks 040, llc","1,500,120",0,"1,500,020",0,100,-,0,"85,994",0,0,-,"-206,476","85,352","1,706,496","1,000",100,-,-,-,"-12,211","12,211",0,-,0,-,0,-,-,120,120,0,"-12,211","85,513"
"masterworks 041, llc","8,200,120",0,"8,200,020",0,100,-,0,"469,110",0,0,-,"-1,138,950","465,618","9,338,970","1,000",100,-,-,-,"-82,568","82,568",0,-,0,-,0,-,-,120,120,0,"-82,568","466,491"
"masterworks 042, llc","8,350,120",0,"8,350,020",0,100,-,0,"477,503",0,0,-,"-1,164,636","473,951","9,514,656","1,000",100,-,-,-,"-95,886","95,886",0,-,0,-,0,-,-,120,120,0,"-95,886","474,839"
"masterworks 043, llc","3,000,120",0,"3,000,020",0,100,-,0,"171,629",0,0,-,"-406,137","170,351","3,406,157","1,000",100,-,-,-,"-24,838","24,838",0,-,0,-,0,-,-,120,120,0,"-24,838","170,671"
"masterworks 044, llc","12,000,120",0,"12,000,020",0,100,-,0,"685,771",0,0,-,"-1,666,300","680,665","13,666,320","1,000",100,-,-,-,"-127,854","127,854",0,-,0,-,0,-,-,120,120,0,"-127,854","681,942"
"masterworks 045, llc","6,692,160",0,"6,692,060",0,100,-,0,"379,284",0,0,-,"-835,137","376,458","7,527,197","1,000",100,-,-,-,"-48,522","48,522",-,-,-,-,-,-,-,110,110,0,"-48,522","377,165"
"masterworks 046, llc","2,200,120",0,"2,200,020",0,100,-,0,"125,545",0,0,-,"-291,623","124,609","2,491,643","1,000",100,-,-,-,"-18,453","18,453",0,-,0,-,0,-,-,120,120,0,"-18,453","124,843"
"masterworks 047, llc","3,000,120",0,"3,000,020",0,100,-,0,"171,823",0,0,-,"-419,580","170,545","3,419,600","1,000",100,-,-,-,"-31,937","31,937",0,-,0,-,0,-,-,120,120,0,"-31,937","170,865"
"masterworks 048, llc","700,120",0,"700,020",0,100,-,0,"40,051",0,0,-,"-96,652","39,751","796,672","1,000",100,-,-,-,"-7,203","7,203",0,-,0,-,0,-,-,120,120,0,"-7,203","39,826"
"masterworks 049, llc","4,800,120",0,"4,800,020",0,100,-,0,"274,303",0,0,-,"-643,944","272,263","5,443,964","1,000",100,-,-,-,"-39,413","39,413",0,-,0,-,0,-,-,120,120,0,"-39,413","272,773"
"masterworks 050, llc","2,376,441",0,"2,376,341",0,100,-,0,"135,725",0,0,-,"-318,034","134,717","2,694,375","1,000",100,-,-,-,"-20,397","20,397",0,-,0,-,0,-,-,120,120,0,"-20,397","134,969"
"masterworks 051, llc","1,475,120",0,"1,475,020",0,100,-,0,"84,281",0,0,-,"-197,283","83,651","1,672,303","1,000",100,-,-,-,"-11,608","11,608",0,-,0,-,0,-,-,120,120,0,"-11,608","83,809"
"masterworks 052, llc","1,800,120",0,"1,800,020",0,100,-,0,"102,537",0,0,-,"-235,146","101,775","2,035,166","1,000",100,-,-,-,"-14,512","14,512",0,-,0,-,0,-,-,120,120,0,"-14,512","101,966"
"masterworks 053, llc","1,822,547",0,"1,822,447",0,100,-,0,"104,003",0,0,-,"-241,756","103,229","2,064,203","1,000",100,-,-,-,"-14,996","14,996",0,-,0,-,0,-,-,120,120,0,"-14,996","103,423"
"masterworks 054, llc","14,200,120",0,"14,200,020",0,100,-,0,"805,920",0,0,-,"-1,798,971","799,920","15,998,991","1,000",100,-,-,-,"-119,340","119,340",0,-,-,-,-,-,-,120,120,0,"-119,340","801,420"
"masterworks 055, llc","4,200,120",0,"4,200,020",0,100,-,0,"239,417",0,0,-,"-551,863","237,635","4,751,883","1,000",100,-,-,-,"-34,909","34,909",0,-,0,-,0,-,-,120,120,0,"-34,909","238,081"
"masterworks 056, llc","4,750,120",0,"4,750,020",0,100,-,0,"271,002",0,0,-,"-630,772","268,986","5,380,792","1,000",100,-,-,-,"-44,433","44,433",0,-,0,-,0,-,-,120,120,0,"-44,433","269,490"
"masterworks 057, llc","1,300,120",0,"1,300,020",0,100,-,0,"74,166",0,0,-,"-171,602","73,614","1,471,622","1,000",100,-,-,-,"-10,066","10,066",0,-,0,-,0,-,-,120,120,0,"-10,066","73,752"
"masterworks 058, llc","20,000,120",0,"20,000,020",0,100,-,0,"1,137,997",0,0,-,"-2,634,827","1,129,525","22,634,847","1,000",100,-,-,-,"-197,948","197,948",-,-,-,-,-,-,-,120,120,0,"-197,948","1,131,643"
"masterworks 059, llc","3,100,120",0,"3,100,020",0,100,-,0,"175,201",0,0,-,"-377,960","173,899","3,477,980","1,000",100,-,-,-,"-26,053","26,053",0,-,-,-,-,-,-,120,120,0,"-26,053","174,225"
"masterworks 060, llc","1,100,120",0,"1,100,020",0,100,-,0,"62,756",0,0,-,"-145,516","62,288","1,245,536","1,000",100,-,-,-,"-9,683","9,683",0,-,0,-,0,-,-,120,120,0,"-9,683","62,405"
"masterworks 061, llc","1,986,786",0,"1,986,686",0,100,-,0,"112,746",0,0,0,0,0,0,0,0,0,0,0,"-16,439","16,439",0,-,-,-,-,-,-,120,120,0,"-16,439","112,116"
"masterworks 062, llc","2,200,120",0,"2,200,020",0,100,-,0,"125,095",0,0,-,"-282,922","124,165","2,482,942","1,000",100,-,-,-,"-19,809","19,809",0,-,0,-,0,-,-,120,120,0,"-19,809","124,398"
"masterworks 063, llc","2,100,120",0,"2,100,020",0,100,-,0,"119,628",0,0,-,"-281,008","118,740","2,381,028","1,000",100,-,-,-,"-21,401","21,401",0,-,0,-,0,-,-,120,120,0,"-21,401","118,962"
"masterworks 064, llc","6,150,120",0,"6,150,020",0,100,-,0,"349,072",0,0,-,"-778,602","346,474","6,928,622","1,000",100,-,-,-,"-50,804","50,804",-,-,0,-,-,-,-,120,120,0,"-50,804","347,124"
"masterworks 065, llc","1,350,120",0,"1,350,020",0,100,-,0,"76,930",0,0,-,"-176,382","76,360","1,526,402","1,000",100,-,-,-,"-10,021","10,021",-,-,0,-,-,-,-,120,120,0,"-10,021","76,503"
"masterworks 066, llc","2,250,120",0,"2,250,020",0,100,-,0,"127,960",0,0,-,"-289,375","127,006","2,539,395","1,000",100,-,-,-,"-17,930","17,930",0,-,0,-,-,-,-,120,120,0,"-17,930","127,245"
"masterworks 067, llc","2,900,110",0,"2,900,010",0,100,-,0,"164,365",0,0,-,"-362,762","163,141","3,262,772","1,000",100,-,-,-,"-24,247","24,247",-,-,-,-,-,-,-,110,110,0,"-24,247","163,447"
"masterworks 068, llc","3,628,416",0,"3,628,316",0,100,-,0,"206,036",0,0,-,"-461,684","204,500","4,090,000","1,000",100,-,-,-,"-29,875","29,875",-,-,0,-,-,-,-,120,120,0,"-29,875","204,884"
"masterworks 069, llc","2,000,120",0,"2,000,020",0,100,-,0,"113,583",0,0,-,"-254,720","112,737","2,254,740","1,000",100,-,-,-,"-16,789","16,789",-,-,-,-,-,-,-,120,120,0,"-16,789","112,949"
"masterworks 071, llc","750,120",0,"750,020",0,100,-,0,"42,724",0,0,-,"-97,663","42,406","847,683","1,000",100,-,-,-,"-5,406","5,406",-,-,0,-,0,-,-,120,120,0,"-5,406","42,486"
"masterworks 072, llc","2,600,120",0,"2,600,020",0,100,-,0,"148,020",0,0,-,"-338,300","146,916","2,938,320","1,000",100,-,-,-,"-20,926","20,926",-,-,0,-,0,-,-,120,120,0,"-20,926","147,192"
"masterworks 073, llc","2,350,120",0,"2,350,020",0,100,-,0,"133,402",0,0,-,"-298,100","132,406","2,648,120","1,000",100,-,-,-,"-20,438","20,438",-,-,-,-,-,-,-,120,120,0,"-20,438","132,655"
"masterworks 074, llc","11,500,120",0,"11,500,020",0,100,-,0,"648,639",0,0,-,"-1,376,160","643,809","12,876,180","1,000",100,-,-,-,"-96,890","96,890",-,-,0,-,-,-,-,120,120,0,"-96,890","645,017"
"masterworks 075, llc","10,200,110",0,"10,200,010",0,100,-,0,"573,959",0,0,-,"-1,193,730","569,687","11,393,740","1,000",100,-,-,-,"-85,696","85,696",-,-,-,-,-,-,-,110,110,0,"-85,696","570,755"
"masterworks 076, llc","850,120",0,"850,020",0,100,-,0,"48,392",0,0,-,"-110,581","48,032","960,601","1,000",100,-,-,-,"-7,079","7,079",-,-,0,-,-,-,-,120,120,0,"-7,079","48,122"
"masterworks 079, llc","1,950,120",0,"1,950,020",0,100,-,0,"110,901",0,0,-,"-251,440","110,073","2,201,460","1,000",100,-,-,-,"-17,073","17,073",-,-,-,-,-,-,-,120,120,0,"-17,073","110,280"
"masterworks 080, llc","1,850,110",0,"1,850,010",0,100,-,0,"104,811",0,0,-,"-229,758","104,031","2,079,768","1,000",100,-,-,-,"-13,794","13,794",-,-,-,-,-,-,-,110,110,0,"-13,794","104,226"
"masterworks 081, llc","1,400,120",0,"1,400,020",0,100,-,0,"79,458",0,0,-,"-177,260","78,864","1,577,280","1,000",100,-,-,-,"-11,963","11,963",-,-,0,-,-,-,-,120,120,0,"-11,963","79,013"
"masterworks 082, llc","9,650,110",0,"9,650,010",0,100,-,0,"546,077",0,0,-,"-1,190,170","542,009","10,840,180","1,000",100,-,-,-,"-78,370","78,370",-,-,-,-,-,-,-,110,110,0,"-78,370","543,026"
"masterworks 083, llc","2,627,049",0,"2,626,949",0,100,-,0,"149,094",0,0,-,"-332,731","147,984","2,959,680","1,000",100,-,-,-,"-22,938","22,938",-,-,-,-,-,-,-,120,120,0,"-22,938","148,262"
"masterworks 084, llc","867,270",0,"867,170",0,100,-,0,"49,266",0,0,-,"-110,830","48,900","978,000","1,000",100,-,-,-,"-7,419","7,419",-,-,0,-,0,-,-,120,120,0,"-7,419","48,992"
"masterworks 085, llc","14,000,120",0,"14,000,020",0,100,-,0,"792,543",0,0,-,"-1,732,880","786,645","15,732,900","1,000",100,-,-,-,"-114,805","114,805",-,-,-,-,-,-,-,120,120,0,"-114,805","788,120"
"masterworks 086, llc","2,556,542",0,"2,556,442",0,100,-,0,"144,408",0,0,-,"-310,238","143,334","2,866,680","1,000",100,-,-,-,"-22,178","22,178",-,-,-,-,-,-,-,120,120,0,"-22,178","143,603"
"masterworks 087, llc","850,120",0,"850,020",0,100,-,0,"48,081",0,0,-,"-104,400","47,721","954,420","1,000",100,-,-,-,"-8,041","8,041",-,-,0,-,-,-,-,120,120,0,"-8,041","47,811"
"masterworks 088, llc","8,093,998",0,"8,093,898",0,100,-,0,"457,460",0,0,-,"-987,142","454,052","9,081,040","1,000",100,-,-,-,"-67,598","67,598",0,-,-,-,-,-,-,110,110,0,"-67,598","454,904"
"masterworks 089, llc","1,925,110",0,"1,925,010",0,100,-,0,"108,906",0,0,-,"-239,402","108,096","2,164,412","1,000",100,-,-,-,"-21,125","21,125",0,-,-,-,-,-,-,110,110,0,"-21,125","108,299"
"masterworks 090, llc","7,000,110",0,"7,000,010",0,100,-,0,"391,902",0,0,-,"-779,710","388,986","7,779,720","1,000",100,-,-,-,"-58,174","58,174",0,-,-,-,-,-,-,110,110,0,"-58,174","389,715"
"masterworks 091, llc","7,000,110",0,"7,000,010",0,100,-,0,"395,577",0,0,-,"-852,610","392,631","7,852,620","1,000",100,-,-,-,"-57,388","57,388",0,-,-,-,-,-,-,110,110,0,"-57,388","393,368"
"masterworks 092, llc","14,558,110",0,"14,558,010",0,100,-,0,"821,982",0,0,-,"-1,759,230","815,862","16,317,240","1,000",100,-,-,-,"-121,145","121,145",0,-,-,-,-,-,-,110,110,0,"-121,145","817,392"
"masterworks 093, llc","20,000,110",-,"20,000,010",0,100,-,0,"1,119,762",0,0,"25,360","-2,228,670","1,110,166","22,203,320","1,000",100,-,-,-,"-165,852","165,852",-,"-25,360",-,-,"7,727","7,727","-17,633","17,743",110,0,"-165,852","1,113,516"
"masterworks 094, llc","15,430,110",0,"15,430,010",0,100,-,0,"866,117",0,0,-,"-1,763,330","859,667","17,193,340","1,000",100,-,-,-,"-129,000","129,000",0,-,0,-,0,-,-,110,110,0,"-129,000","861,280"
"masterworks 095, llc","3,330,110",0,"3,330,010",0,100,-,0,"188,283",0,0,-,"-407,570","186,879","3,737,580","1,000",100,-,-,-,"-28,333","28,333",0,-,-,-,-,-,-,110,110,0,"-28,333","187,230"
"masterworks 096, llc","3,650,110",0,"3,650,010",0,100,-,0,"206,152",0,0,-,"-442,310","204,616","4,092,320","1,000",100,-,-,-,"-30,605","30,605",0,-,-,-,-,-,-,110,110,0,"-30,605","205,000"
"masterworks 097, llc","4,200,110",0,"4,200,010",0,100,-,0,"237,037",0,0,-,"-505,450","235,273","4,705,460","1,000",100,-,-,-,"-35,368","35,368",0,-,-,-,-,-,-,110,110,0,"-35,368","235,714"
"masterworks 098, llc","2,550,110",0,"2,550,010",0,100,-,0,"144,388",0,0,-,"-317,406","143,314","2,867,416","1,000",100,-,-,-,"-23,671","23,671",0,-,-,-,-,-,-,110,110,0,"-23,671","143,583"
"masterworks 099, llc","579,895",0,"579,795",0,100,-,0,"32,791",0,0,-,"-71,105","32,545","650,900","1,000",100,-,-,-,"-4,898","4,898",0,-,-,-,-,-,-,110,110,0,"-4,898","32,607"
"masterworks 100, llc","1,950,110",0,"1,950,010",0,100,-,0,"110,359",0,0,-,"-240,730","109,537","2,190,740","1,000",100,-,-,-,"-14,923","14,923",0,-,-,-,-,-,-,110,110,0,"-14,923","109,743"
"masterworks 101, llc","8,010,110",0,"8,010,010",0,100,-,0,"450,554",0,0,-,"-933,990","447,200","8,944,000","1,000",100,-,-,-,"-65,185","65,185",0,0,-,-,-,-,0,110,110,0,"-65,185","448,039"
"masterworks 102, llc","1,542,610",0,"1,542,510",0,100,-,0,"87,047",0,0,-,"-185,470","86,399","1,727,980","1,000",100,-,-,-,"-11,748","11,748",0,-,-,-,-,-,-,110,110,0,"-11,748","86,561"
"masterworks 103, llc","2,100,110",0,"2,100,010",0,100,-,0,"118,615",0,0,-,"-254,650","117,733","2,354,660","1,000",100,-,-,-,"-17,481","17,481",0,-,-,-,-,-,-,110,110,0,"-17,481","117,954"
"masterworks 104, llc","1,700,110",0,"1,700,010",0,100,-,0,"95,906",0,0,-,"-203,830","95,192","1,903,840","1,000",100,-,-,-,"-14,212","14,212",0,-,-,-,-,-,-,110,110,0,"-14,212","95,371"
"masterworks 105, llc","2,850,110",0,"2,850,010",0,100,-,0,"160,977",0,0,-,"-343,873","159,777","3,193,883","1,000",100,-,-,-,"-20,538","20,538",0,0,-,-,-,-,0,110,110,0,"-20,538","160,077"
"masterworks 106, llc","2,700,110",0,"2,700,010",0,100,-,0,"152,143",0,0,-,"-321,298","151,009","3,021,308","1,000",100,-,-,-,"-25,441","25,441",0,-,-,-,-,-,-,110,110,0,"-25,441","151,293"
"masterworks 107, llc","1,719,710",0,"1,719,610",0,100,-,0,"96,884",0,0,-,"-203,670","96,164","1,923,280","1,000",100,-,-,-,"-14,292","14,292",0,-,-,-,-,-,-,110,110,0,"-14,292","96,344"
"masterworks 108, llc","2,600,100",0,"2,600,000",0,100,-,0,"144,480",0,0,"2,886,000",-,-,-,"1,000",100,-,-,-,"-289,600","3,600",0,"-286,000","-2,600,000","-2,600,000","2,886,000","2,886,000",-,100,100,0,"-289,600","125,625"
"masterworks 109, llc","6,500,110",0,"6,500,010",0,100,-,0,"366,381",0,0,-,"-773,010","363,651","7,273,020","1,000",100,-,-,-,"-54,491","54,491",0,-,-,-,-,-,-,110,110,0,"-54,491","364,334"
"masterworks 110, llc","2,200,110",0,"2,200,010",0,100,-,0,"123,942",0,0,-,"-260,350","123,018","2,460,360","1,000",100,-,-,-,"-18,545","18,545",0,-,-,-,-,-,-,110,110,0,"-18,545","123,249"
"masterworks 111, llc","2,200,110",0,"2,200,010",0,100,-,0,"124,028",0,0,-,"-262,070","123,104","2,462,080","1,000",100,-,-,-,"-18,180","18,180",0,-,-,-,-,-,-,110,110,0,"-18,180","123,335"
"masterworks 112, llc","825,110",0,"825,010",0,100,-,0,"46,490",0,0,-,"-97,830","46,142","922,840","1,000",100,-,-,-,"-6,908","6,908",0,-,-,-,-,-,-,110,110,0,"-6,908","46,229"
"masterworks 113, llc","1,800,110",0,"1,800,010",0,100,-,0,"101,406",0,0,-,"-212,990","100,650","2,013,000","1,000",100,-,-,-,"-14,939","14,939",0,-,-,-,-,-,-,110,110,0,"-14,939","100,839"
"masterworks 114, llc","3,250,110",0,"3,250,010",0,100,-,0,"183,508",0,0,-,"-392,790","182,140","3,642,800","1,000",100,-,-,-,"-27,100","27,100",0,-,-,-,-,-,-,110,110,0,"-27,100","182,482"
"masterworks 115, llc","3,100,110",0,"3,100,010",0,100,-,0,"174,656",0,0,-,"-367,070","173,354","3,467,080","1,000",100,-,-,-,"-26,359","26,359",0,-,-,-,-,-,-,110,110,0,"-26,359","173,680"
"masterworks 116, llc","5,275,110",0,"5,275,010",0,100,-,0,"296,324",0,0,-,"-607,310","294,116","5,882,320","1,000",100,-,-,-,"-44,160","44,160",0,-,0,-,0,-,-,110,110,0,"-44,160","294,668"
"masterworks 117, llc","9,400,110",0,"9,400,010",0,100,-,0,"528,238",0,0,-,"-1,086,150","524,308","10,486,160","1,000",100,-,-,-,"-79,307","79,307",-,-,-,-,-,-,-,110,110,0,"-79,307","525,291"
"masterworks 118, llc","1,550,110",0,"1,550,010",0,100,-,0,"86,975",0,0,-,"-176,530","86,327","1,726,540","1,000",100,-,-,-,"-12,814","12,814",0,-,-,-,-,-,-,110,110,0,"-12,814","86,489"
"masterworks 120, llc","776,381",0,"776,281",0,100,-,0,"43,653",0,0,-,"-90,299","43,329","866,580","1,000",100,-,-,-,"-6,480","6,480",0,-,0,-,0,-,-,110,110,0,"-6,480","43,410"
"masterworks 121, llc","7,000,110",-,"7,000,010",0,100,-,0,"391,416",0,0,"319,520","-769,990","372,524","7,450,480","1,000",100,-,-,-,"-54,106","54,106","-7,031","-326,551",0,-,"232,228","232,228","-94,323","94,433",110,0,"-54,106","383,904"
"masterworks 122, llc","10,750,110",0,"10,750,010",0,100,-,0,"606,210",0,0,-,"-1,283,950","601,698","12,033,960","1,000",100,-,-,-,"-89,405","89,405",0,-,-,-,-,-,-,110,110,0,"-89,405","602,826"
"masterworks 123, llc","1,600,110",0,"1,600,010",0,100,-,0,"89,688",0,0,-,"-180,430","89,022","1,780,440","1,000",100,-,-,-,"-13,320","13,320",0,-,0,-,0,-,-,110,110,0,"-13,320","89,189"
"masterworks 124, llc","3,000,110",0,"3,000,010",0,100,-,0,"168,170",0,0,-,"-338,310","166,916","3,338,320","1,000",100,-,-,-,"-25,080","25,080",0,-,0,-,0,-,-,110,110,0,"-25,080","167,230"
"masterworks 125, llc","3,075,110",0,"3,075,010",0,100,-,0,"173,041",0,0,-,"-360,010","171,751","3,435,020","1,000",100,-,-,-,"-26,071","26,071",0,0,0,-,0,-,0,110,110,0,"-26,071","172,074"
"masterworks 126, llc","600,110",0,"600,010",0,100,-,0,"33,766",0,0,-,"-70,270","33,514","670,280","1,000",100,-,-,-,"-5,495","5,495",0,-,0,-,0,-,-,110,110,0,"-5,495","33,577"
"masterworks 127, llc","2,220,110",0,"2,220,010",0,100,-,0,"124,926",0,0,-,"-259,910","123,996","2,479,920","1,000",100,-,-,-,"-17,898","17,898",0,-,0,-,0,-,-,110,110,0,"-17,898","124,229"
"masterworks 128, llc","3,500,110",0,"3,500,010",0,100,-,0,"196,467",0,0,-,"-400,050","195,003","3,900,060","1,000",100,-,-,-,"-29,280","29,280",0,-,0,-,0,-,-,110,110,0,"-29,280","195,369"
"masterworks 129, llc","2,100,110",0,"2,100,010",0,100,-,0,"118,172",0,0,-,"-245,790","117,290","2,345,800","1,000",100,-,-,-,"-19,082","19,082",0,-,0,-,0,-,-,110,110,0,"-19,082","117,511"
"masterworks 130, llc","4,500,110",-,"4,500,010",0,100,-,0,"251,944",0,0,"45,740","-501,430","247,785","4,955,700","1,000",100,-,-,-,"-37,440","37,440",0,"-45,740",0,-,"32,229","32,229","-13,511","13,621",110,0,"-37,440","250,159"
"masterworks 131, llc","2,401,210",0,"2,401,110",0,100,-,0,"134,847",0,0,-,"-275,790","133,845","2,676,900","1,000",100,-,-,-,"-19,679","19,679",0,-,0,-,0,-,-,110,110,0,"-19,679","134,096"
"masterworks 132, llc","630,569",0,"630,469",0,100,-,0,"35,474",0,0,-,"-73,731","35,210","704,200","1,000",100,-,-,-,"-5,280","5,280",0,-,0,-,0,-,-,110,110,0,"-5,280","35,276"
"masterworks 133, llc","1,812,034",0,"1,811,934",0,100,-,0,"101,944",0,0,-,"-211,826","101,188","2,023,760","1,000",100,-,-,-,"-16,099","16,099",0,-,0,-,0,-,-,110,110,0,"-16,099","101,377"
"masterworks 134, llc","1,572,110",0,"1,572,010",0,100,-,0,"88,122",0,0,-,"-177,350","87,468","1,749,360","1,000",100,-,-,-,"-13,080","13,080",0,-,0,-,0,-,-,110,110,0,"-13,080","87,632"
"masterworks 135, llc","1,044,646",0,"1,044,546",0,100,-,0,"58,657",0,0,-,"-119,834","58,219","1,164,380","1,000",100,-,-,-,"-8,760","8,760",0,-,0,-,0,-,-,110,110,0,"-8,760","58,329"
"masterworks 136, llc","2,000,910",0,"1,979,870","20,940",100,-,0,"111,050","1,047","16,680",-,"-224,450","111,050","2,221,000",213,"4,260",-,-,-,"-16,680","16,680",0,-,0,-,0,-,-,110,110,0,"-16,680",422
"masterworks 137, llc","3,500,110",0,"3,500,010",0,100,-,0,"196,564",0,0,-,"-401,990","195,100","3,902,000","1,000",100,-,-,-,"-29,734","29,734",0,-,0,-,0,-,-,110,110,0,"-29,734","195,466"
"masterworks 138, llc","2,511,610",0,"2,511,510",0,100,-,0,"141,100",0,0,-,"-289,490","140,050","2,801,000","1,000",100,-,-,-,"-22,092","22,092",0,-,0,-,0,-,-,110,110,0,"-22,092","140,313"
"masterworks 139, llc","1,815,833",0,"1,815,733",0,100,-,0,"101,838",0,0,-,"-205,907","101,082","2,021,640","1,000",100,-,-,-,"-15,120","15,120",0,-,0,-,0,-,-,110,110,0,"-15,120","101,271"
"masterworks 140, llc","2,850,224",-,"2,850,124",0,100,-,0,"159,388",0,0,240,"-313,876","158,188","3,163,760","1,000",100,-,-,-,"-23,760","23,760",0,-240,0,-,240,240,-,110,110,0,"-23,760","158,497"
"masterworks 141, llc","588,110",0,"588,010",0,100,-,0,"33,019",0,0,-,"-67,450","32,773","655,460","1,000",100,-,-,-,"-4,920","4,920",0,-,0,-,0,-,-,110,110,0,"-4,920","32,835"
"masterworks 142, llc","1,668,590",0,"1,648,850","19,640",100,-,0,"92,600",982,"13,920",-,"-189,230","92,600","1,852,000",286,"5,720",-,-,-,"-13,920","13,920",0,-,0,-,0,-,-,110,110,0,"-13,920",460
"masterworks 143, llc","1,600,110",0,"1,600,010",0,100,-,0,"89,810",0,0,-,"-182,870","89,144","1,782,880","1,000",100,-,-,-,"-13,320","13,320",0,-,0,-,0,-,-,110,110,0,"-13,320","89,311"
"masterworks 144, llc","560,110",0,"552,410","7,600",100,-,0,"31,100",380,"4,680",-,"-64,910","31,100","622,000",146,"2,920",-,-,-,"-4,680","4,680",0,-,0,-,0,-,-,110,110,0,"-4,680",205
"masterworks 145, llc","560,110",0,"553,970","6,040",100,-,0,"31,100",302,"4,680",-,"-63,350","31,100","622,000",68,"1,360",-,-,-,"-4,680","4,680",0,-,0,-,0,-,-,110,110,0,"-4,680",127
"masterworks 146, llc","1,450,100",-,"1,438,960","11,040",100,-,0,"80,500",552,"11,040","1,610,000",-,-,-,-,-,-,-,-,"-171,040","11,040",0,"-160,000","-1,450,000","-1,450,000","42,969","42,969","-1,567,031","1,567,131",100,0,"-171,040","80,175"
"masterworks 147, llc","1,700,110",-,"1,693,710","6,300",100,-,0,"94,350",389,"6,300","1,487,840","-186,990","19,958","399,160",-,-,-,-,-,"-6,300","6,300",-504,"-187,504",0,-,"892,808","-408,032","-595,536","595,646",110,0,"-6,300","88,005"
"masterworks 148, llc","850,110",0,"850,010",0,100,-,0,"47,644",0,0,-,"-95,790","47,290","945,800","1,000",100,-,-,-,"-7,080","7,080",0,-,0,-,0,-,-,110,110,0,"-7,080","47,379"
"masterworks 149, llc","7,500,100",-,"7,458,740","41,260",100,-,0,"416,250","2,063","41,260","8,325,000",-,-,-,-,-,-,-,-,"-866,260","41,260",0,"-825,000","-7,500,000","-7,500,000","6,118,300","6,118,300","-2,206,700","2,206,800",100,0,"-866,260","406,416"
"masterworks 150, llc","1,060,610",0,"1,048,337","12,173",100,-,0,"58,850",607,"8,913",-,"-119,750","58,850","1,177,000",163,"3,260",-,-,-,"-8,913","8,913",0,-,0,-,0,-,-,110,110,0,"-8,913",274
"masterworks 152, llc","650,110",-,"643,088","6,922",100,-,0,"36,100",348,"5,362",-,"-73,550","36,100","722,000",78,"1,560",-,-,-,"-5,362","5,362",0,-,0,-,0,-,-,110,110,0,"-5,362",146
"masterworks 153, llc","1,201,110","1,000","1,188,503","11,507",100,-,0,"66,600",567,"10,127",-,"-133,370","66,600","1,332,000",69,"1,380",-,-,-,"-10,127","10,127",0,-,0,-,0,"1,000","1,000",110,"1,110",0,"-10,127",194
"masterworks 154, llc","1,525,110",-,"1,511,030","13,980",100,-,0,"84,650",699,"12,720",-,"-169,250","84,650","1,693,000",63,"1,260",-,-,-,"-12,720","12,720",0,-,0,-,0,-,-,110,110,0,"-12,720",222
"masterworks 155, llc","1,100,110",-,"1,089,370","10,640",100,-,0,"61,050",532,"9,120",-,"-122,510","61,050","1,221,000",76,"1,520",-,-,-,"-9,120","9,120",0,-,0,-,0,-,-,110,110,0,"-9,120",190
"masterworks 156, llc","3,300,110",-,"3,272,207","27,803",100,-,0,"183,150","1,374","27,803","48,440","-363,000","180,728","3,614,560",-,-,-,-,-,"-27,793","27,803",0,"-48,430",0,-,"34,905","34,905","-13,525","13,635",110,0,"-27,793",344
"masterworks 157, llc","1,000,100",-,"993,600","6,400",100,-,0,"55,500",320,"6,400","1,110,000",-,-,-,-,-,-,-,-,"-116,400","6,400",0,"-110,000","-1,000,000","-1,000,000","68,500","68,500","-1,041,500","1,041,600",100,0,"-116,400","55,094"
"masterworks 158, llc","630,110",-,"623,850","6,160",100,-,0,"34,950",308,"5,280","11,000","-69,870","34,400","688,000",44,880,-,-,-,"-5,280","5,280",0,"-11,000",0,-,"10,000","10,000","-1,000","1,110",110,0,"-5,280",110
"masterworks 159, llc","1,621,560",-,"1,605,780","15,680",100,-,0,"89,400",784,"13,440",-,"-168,780","89,400","1,788,000",112,"2,240",-,-,-,"-13,440","13,440",0,-,0,-,0,-,-,110,110,0,"-13,440",280
"masterworks 160, llc","1,150,110",-,"1,140,410","9,600",100,-,0,"63,850",480,"9,600",-,"-126,990","63,850","1,277,000",-,-,-,-,-,"-9,600","9,600",0,-,0,-,0,-,-,110,110,0,"-9,600",120
"masterworks 161, llc","10,501,110",-,"10,413,530","87,480",100,-,0,"582,800","4,374","87,480","97,660","-1,154,990","577,917","11,558,340",-,-,-,-,-,"-87,480","87,480","-6,437","-104,097",0,-,"74,874","74,874","-29,223","29,333",110,0,"-87,480",280
"masterworks 162, llc","1,000,100",-,"992,120","7,880",100,-,0,"55,500",394,"7,880","1,110,000",-,-,-,-,-,-,-,-,"-117,880","7,880",0,"-110,000","-1,000,000","-1,000,000",0,-,"-1,110,000","1,110,100",100,0,"-117,880",94
"masterworks 163, llc","550,110",-,"544,690","5,320",100,-,0,"30,550",266,"4,560",-,"-61,750","30,550","611,000",38,760,-,-,-,"-4,560","4,560",0,-,0,-,0,-,-,110,110,0,"-4,560",95
"masterworks 164, llc","2,500,100",-,"2,481,320","18,680",100,-,0,"138,750",934,"18,680","2,775,000",-,-,-,-,-,-,-,-,"-293,680","18,680",0,"-275,000","-2,500,000","-2,500,000","2,506","2,506","-2,772,494","2,772,594",100,0,"-293,680",208
"masterworks 165, llc","900,110",-,"890,290","9,720",100,-,0,"49,950",486,"7,560",-,"-101,150","49,950","999,000",108,"2,160",-,-,-,"-7,560","7,560",0,-,0,-,0,-,-,110,110,0,"-7,560",203
"masterworks 166, llc","1,900,110",-,"1,877,390","22,620",100,-,0,"105,450","1,131","15,840",-,"-215,770","105,450","2,109,000",339,"6,780",-,-,-,"-15,840","15,840",0,-,0,-,0,-,-,110,110,0,"-15,840",537
"masterworks 167, llc","2,692,432",-,"2,688,592","3,740",100,-,0,"149,400",187,"3,740","2,988,000",-,-,-,-,-,-,-,-,"-299,408","3,740",0,"-295,668","-2,692,332","-2,692,332","1,084,274","1,084,274","-1,903,726","1,903,826",100,0,"-299,408","126,314"
"masterworks 168, llc","693,100",-,"687,140","5,860",100,-,0,"38,450",293,"5,760",-,"-76,100","38,450","769,000",5,100,-,-,-,"-5,760","5,760",0,-,0,-,0,-,-,100,100,0,"-5,760",77
"masterworks 169, llc","850,110",-,"842,930","7,080",100,-,0,"47,200",354,"7,080",-,"-93,990","47,200","944,000",-,-,-,-,-,"-7,080","7,080",0,-,0,-,0,-,-,110,110,0,"-7,080",89
"masterworks 170, llc","1,400,100",-,"1,388,940","11,060",100,-,0,"77,700",553,"11,060","1,554,000",-,-,-,-,-,-,-,-,"-165,060","11,060",0,"-154,000","-1,400,000","-1,400,000",0,-,"-1,554,000","1,554,100",100,0,"-165,060",131
"masterworks 171, llc","809,212",-,"802,692","6,420",100,-,0,"44,900",321,"6,420","898,000",-,-,-,-,-,-,-,-,"-95,308","6,420",0,"-88,888","-809,112","-809,112","7,500","7,500","-890,500","890,600",100,0,"-95,308",77
"masterworks 172, llc","1,400,110",-,"1,386,430","13,580",100,-,0,"77,700",679,"11,640",-,"-155,930","77,700","1,554,000",97,"1,940",-,-,-,"-11,640","11,640",0,-,0,-,0,-,-,110,110,0,"-11,640",243
"masterworks 173, llc","1,400,110",-,"1,388,370","11,640",100,-,0,"77,700",582,"11,640","51,480","-153,990","75,126","1,502,520",-,-,-,-,-,"-11,640","11,640",0,"-51,480",0,-,"40,480","40,480","-11,000","11,110",110,0,"-11,640","77,417"
"masterworks 174, llc","436,236",-,"432,696","3,440",100,-,0,"24,200",172,"3,440","484,000",-,-,-,-,-,-,-,-,"-51,304","3,440",0,"-47,864","-436,136","-436,136",0,"-236,480","-720,480","720,580",100,0,"-51,304",41
"masterworks 175, llc","735,100",-,"730,545","4,455",100,-,0,"40,800",236,"4,455","60,000","-81,000","37,800","756,000",-,-,-,-,-,"-4,455","4,455",0,"-60,000",0,-,"49,800","49,800","-10,200","10,300",100,0,"-4,455","40,502"
"masterworks 176, llc","1,410,110",-,"1,408,050","1,960",100,-,0,"78,250",98,"1,960","508,020","-154,990","52,849","1,056,980",-,-,-,-,-,"-1,960","1,960",0,"-155,000",0,-,"481,421","128,401","-26,599","26,709",110,0,"-1,960","64,275"
"masterworks 177, llc","1,400,100",-,"1,391,920","8,080",100,-,0,"77,700",404,"8,080","1,554,000",-,-,-,-,-,-,-,-,"-162,080","8,080",0,"-154,000","-1,400,000","-1,400,000","485,620","485,620","-1,068,380","1,068,480",100,0,"-162,080","74,520"
"masterworks 178, llc","2,100,100",-,"2,097,080","2,920",100,-,0,"116,550",146,"2,920","2,331,000",-,-,-,-,-,-,-,-,"-233,920","2,920",0,"-231,000","-2,100,000","-2,100,000","2,331,000","2,331,000",-,100,100,0,"-233,920","86,559"
"masterworks 179, llc","1,700,110",-,"1,685,850","14,160",100,-,0,"94,350",708,"14,160","26,500","-186,990","93,025","1,860,500",-,-,-,-,-,"-14,160","14,160",-813,"-27,313",0,-,"25,500","25,500","-1,813","1,923",110,0,"-14,160",6
"masterworks 180, llc","800,110",-,"794,584","5,426",100,-,0,"44,400",289,"5,426","324,020","-87,990","28,199","563,980",-,-,-,-,-,"-5,426","5,426",0,"-88,000",0,-,"1,500","-234,520","-322,520","322,630",110,0,"-5,426",61
"masterworks 182, llc","550,100",-,"548,740","1,260",100,-,0,"30,550",63,"1,260","611,000",-,-,-,-,-,-,-,-,"-62,260","1,260",0,"-61,000","-550,000","-550,000","33,060","33,060","-577,940","578,040",100,0,"-62,260","30,327"
"masterworks 183, llc","550,100",-,"548,720","1,280",100,-,0,"30,550",64,"1,280","611,000",-,-,-,-,-,-,100,-,"-62,280","1,280",0,"-61,000","-550,000","-550,000","455,320","455,420","-155,580","155,680",100,0,"-62,280",21
"masterworks 185, llc","1,102,110",-,"1,094,345","7,665",100,-,0,"61,150",373,"7,665","186,160","-120,990","51,842","1,036,840",-,-,-,-,-,"-7,665","7,665",0,"-121,000","-65,160","-65,160",0,"-15,085","-201,245","201,355",110,0,"-7,665","60,713"
"masterworks 186, llc","2,400,100",-,"2,392,200","7,800",100,-,0,"133,200",390,"7,800","2,664,000",-,-,-,-,-,-,-,-,"-271,800","7,800",0,"-264,000","-2,400,000","-2,400,000","896,752","896,752","-1,767,248","1,767,348",100,0,"-271,800","119,933"
"masterworks 187, llc","700,100",-,"695,200","4,800",100,-,0,"38,850",240,"4,800","777,000",-,-,-,-,-,-,-,-,"-81,800","4,800",0,"-77,000","-700,000","-700,000","49,960","49,960","-727,040","727,140",100,0,"-81,800",56
"masterworks 188, llc","1,100,100","304,020","795,980",0,100,-,0,"45,849",0,NA,"916,980",-,-,-,-,-,-,-,-,"-121,000",0,0,-,"-916,980","-916,980","916,980","916,980",-,100,100,0,"-121,000","44,103"
"masterworks 189, llc","1,250,100","345,620","904,380",0,100,-,0,"52,119",0,NA,"1,042,380",-,-,-,-,-,-,-,-,"-138,000",0,0,-,"-1,250,000","-1,250,000","1,042,380","1,250,000",-,100,100,0,"-138,000","49,229"
"masterworks 190, llc","600,100",-,"595,660","4,340",100,-,0,"33,300",217,"4,340","666,000",-,-,-,-,-,-,100,-,"-70,340","4,340",0,"-66,000","-600,000","-600,000","346,920","347,020","-318,980","319,080",100,0,"-70,340","33,068"
"masterworks 191, llc","3,800,100",-,"3,794,720","5,280",100,-,0,"210,900",264,"5,280","4,218,000",-,-,-,-,-,-,-,-,"-423,280","5,280",0,"-418,000","-3,800,000","-3,800,000","4,218,000","4,218,000",-,100,100,0,"-423,280","184,643"
"masterworks 192, llc","1,500,100",-,"1,497,920","2,080",100,-,0,"83,250",104,"2,080","1,665,000",-,-,-,-,-,-,100,-,"-167,080","2,080",0,"-165,000","-1,500,000","-1,500,000","803,179","803,279","-861,721","861,821",100,0,"-167,080","67,634"
"masterworks 193, llc","567,100",-,"563,180","3,820",100,-,0,"31,450",191,"3,820","629,000",-,-,-,-,-,-,-,-,"-65,820","3,820",0,"-62,000","-567,000","-567,000","42,260","42,260","-586,740","586,840",100,0,"-65,820","31,221"
"masterworks 194, llc","504,100",-,"500,760","3,240",100,-,0,"27,950",162,"3,240","559,000",-,-,-,-,-,-,100,-,"-58,240","3,240",0,"-55,000","-504,000","-504,000","427,000","427,100","-131,900","132,000",100,0,"-58,240","27,710"
"masterworks 195, llc","731,275",-,"726,615","4,560",100,-,0,"40,600",228,"4,560","812,000",-,-,-,-,-,-,100,-,"-85,385","4,560",0,"-80,825","-731,175","-731,175","48,100","48,200","-763,800","763,900",100,0,"-85,385","40,245"
"masterworks 196, llc","3,196,100",-,"3,191,560","4,440",100,-,0,"177,400",222,"4,440","3,548,000",-,-,-,-,-,-,100,-,"-356,440","4,440",0,"-352,000","-3,196,000","-3,196,000","3,188,224","3,188,324","-359,676","359,776",100,0,"-356,440","145,289"
"masterworks 197, llc","3,801,100",-,"3,795,720","5,280",100,-,0,"210,950",264,"5,280","4,219,000",-,-,-,-,-,-,100,-,"-423,280","5,280",0,"-418,000","-3,801,000","-3,801,000","1,327,560","1,327,660","-2,891,340","2,891,440",100,0,"-423,280","210,950"
"masterworks 198, llc","700,100",-,"697,060","2,940",100,-,0,"38,850",147,"2,940","777,000",-,-,-,-,-,-,100,-,"-79,940","2,940",0,"-77,000","-700,000","-700,000","777,000","777,100",100,0,100,0,"-79,940","38,378"
"masterworks 199, llc","1,100,100",-,"1,095,440","4,560",100,-,0,"61,050",228,"4,560","1,221,000",-,-,-,-,-,-,100,-,"-125,560","4,560",0,"-121,000","-1,100,000","-1,100,000","1,221,000","1,221,100",100,0,100,0,"-125,560","48,777"
"masterworks 200, llc","730,900",-,"726,560","4,240",100,-,0,"40,550",212,"4,240","811,000",-,-,-,-,-,-,100,-,"-84,440","4,240",0,"-80,200","-730,800","-730,800","44,002","44,102","-766,898","766,998",100,0,"-84,440",35
"masterworks 201, llc","720,100",-,"716,040","3,960",100,-,0,"39,950",198,"3,960","799,000",-,-,-,-,-,-,100,-,"-82,960","3,960",0,"-79,000","-720,000","-720,000","776,000","776,100","-22,900","23,000",100,0,"-82,960","39,270"
"masterworks 202, llc","3,213,231",-,"3,196,491","16,640",100,-,0,"178,350",832,"16,640","3,567,000",-,-,-,-,-,-,100,-,"-370,509","16,640",0,"-353,869","-3,213,131","-3,213,131","2,943,920","2,944,020","-622,980","623,080",100,0,"-370,509",122
"masterworks 203, llc","653,600","186,780","466,720",0,100,-,0,"26,936",0,NA,"538,720",-,-,-,-,-,-,100,-,"-72,000",0,0,-,"-550,000","-550,000","538,720","553,600","3,600",0,"3,600",0,"-72,000","24,367"
"masterworks 204, llc","600,100",-,"597,480","2,520",100,-,0,"33,300",126,"2,520","666,000",-,-,-,-,-,100,-,-100,"-68,520","2,520",0,"-66,000","-600,000","-600,000","666,000","666,100",100,0,100,0,"-68,520","32,922"
"masterworks 205, llc","650,100",-,"646,460","3,540",100,-,0,"36,100",177,"3,540","722,000",NA,NA,NA,NA,NA,NA,NA,-100,"-75,540","3,540",0,"-72,000","-650,000","-650,000","722,000","722,100",100,0,100,0,"-75,540",25
"masterworks 206, llc","475,100",-,"473,020","1,980",100,-,0,"26,350",99,"1,980","527,000",-,-,-,-,-,100,-,-100,"-53,980","1,980",0,"-52,000","-475,000","-475,000","527,000","527,100",100,0,100,0,"-53,980","26,061"
"masterworks 207, llc","350,100",-,"348,560","1,440",100,-,0,"19,450",72,"1,440","389,000",-,-,-,-,-,100,-,-100,"-40,440","1,440",0,"-39,000","-350,000","-350,000","389,000","389,100",100,0,100,0,"-40,440","19,246"
"masterworks 208, llc","3,410,100",-,"3,391,360","18,640",100,-,0,"189,250",932,"18,640","3,785,000",-,-,-,-,-,100,-,-100,"-393,640","18,640",0,"-375,000","-3,410,000","-3,410,000","3,785,000","3,785,100",100,-,100,0,"-393,640","187,827"
"masterworks 209, llc","475,100",-,"473,020","1,980",100,-,0,"26,350",99,"1,980","527,000",-,-,-,-,-,100,NA,-100,"-53,980","1,980",0,"-52,000","-475,000","-475,000","527,000","527,100",100,-,100,0,"-53,980","26,086"
"masterworks 211, llc","572,100",-,"569,600","2,400",100,-,0,"31,750",120,"2,400","635,000",-,-,-,-,-,100,-,-100,"-65,400","2,400",0,"-63,000","-572,000","-572,000","635,000","635,100",100,-,100,0,"-65,400","31,432"
"masterworks 212, llc","793,630","153,060","640,470",0,100,-,0,"36,164",0,NA,"723,280",-,-,-,-,-,-,100,-,"-82,810",0,0,-,"-752,190","-752,190","723,280","793,630","41,440",-,"41,440",0,"-82,810","31,500"
"masterworks 213, llc","1,100,100",-,"1,095,440","4,560",100,-,0,"61,050",228,"4,560","1,221,000",-,-,-,-,-,100,-,-100,"-125,560","4,560",0,"-121,000","-1,100,000","-1,100,000","1,221,000","1,221,100",100,-,100,0,"-125,560","60,414"
"masterworks 214, llc","1,600,100",-,"1,597,780","2,220",100,-,0,"88,800",111,"2,220","1,776,000",-,-,-,-,-,100,-,-100,"-178,220","2,220",0,"-176,000","-1,600,000","-1,600,000","1,776,000","1,776,100",100,-,100,0,"-178,220","73,460"
"masterworks 215, llc","2,400,100",-,"2,396,660","3,340",100,-,0,"131,605",167,"3,340","2,664,000",-,-,-,-,-,100,-,-100,"-267,340","3,340",0,"-264,000","-2,400,000","-2,400,000","2,664,000","2,664,100",100,-,100,0,"-267,340","96,313"
"masterworks 216, llc","750,100",-,"745,660","4,340",100,-,0,"41,650",217,"4,340","833,000",-,-,-,-,-,100,-,-100,"-87,340","4,340",0,"-83,000","-750,000","-750,000","833,000","833,100",100,-,100,0,"-87,340","41,316"
"masterworks 217, llc","1,800,100",-,"1,797,500","2,500",100,-,0,"99,900",125,"2,500","1,998,000",-,-,-,-,-,100,-,-100,"-200,500","2,500",0,"-198,000","-1,800,000","-1,800,000","1,998,000","1,998,100",100,-,100,0,"-200,500","91,608"
"masterworks 218, llc","2,300,100",-,"2,296,800","3,200",100,-,0,"127,650",160,"3,200","2,553,000",-,-,-,-,-,100,-,-100,"-256,200","3,200",0,"-253,000","-2,300,000","-2,300,000","2,553,000","2,553,100",100,-,100,0,"-256,200","110,241"
"masterworks 219, llc","3,976,220","557,100","3,419,020",0,100,-,0,"191,901",0,NA,"3,838,020",NA,NA,NA,$,-,NA,-,-100,"-419,000",0,0,"-28,020","-3,810,000","-3,810,000","3,838,020","4,004,240","166,220",-,"166,220",0,"-419,000","116,353"
"masterworks 220, llc","1,401,040","424,200","976,740",0,100,-,0,"56,287",0,NA,"1,125,740",NA,NA,NA,$,-,NA,-,-100,"-149,000",0,0,-,"-1,350,000","-1,350,000","1,125,740","1,401,040","51,040",-,"51,040",0,"-149,000","50,920"
"masterworks 221, llc","3,000,100","1,000","2,992,060","6,940",100,-,0,"166,450",347,"6,940","3,329,000",-,-,-,-,-,100,-,-100,"-336,940","6,940",0,"-329,000","-3,000,000","-3,000,000","3,329,000","3,329,100",100,-,100,0,"-336,940","156,698"
"masterworks 222, llc","500,100",-,"497,560","2,440",100,-,0,"27,750",122,"2,440","555,000",-,-,-,-,-,100,-,-100,"-57,440","2,440",0,"-55,000","-500,000","-500,000","555,000","555,100",100,-,100,0,"-57,440",13
"masterworks 223, llc","1,800,100",-,"1,795,080","4,920",100,-,0,"99,900",246,"4,920","1,998,000",-,-,-,-,-,100,-,-100,"-202,920","4,920",0,"-198,000","-1,800,000","-1,800,000","1,998,000","1,998,100",100,-,100,0,"-202,920","95,859"
"masterworks 224, llc","1,275,100",-,"1,268,420","6,580",100,-,0,"70,750",329,"6,580","1,415,000",-,-,-,-,-,100,-,-100,"-146,580","6,580",0,"-140,000","-1,275,000","-1,275,000","1,415,000","1,415,100",100,-,100,0,"-146,580",49
"masterworks 225, llc","2,050,100",—,"2,040,060","9,940",100,—,0,"113,800",497,"9,940","2,276,000",NA,$,-,$,100,100,—,-100,"-235,940","9,940",0,"-226,000","-2,050,000","-2,050,000","2,276,000","2,276,100",100,—,100,0,"-235,940",47
"masterworks 226, llc","1,108,100",-,"1,102,200-","5,800-",100-,-,0,"61,500",290,"5,800","1,230,000",-,-,-,-,-,100,-,-100,"-127,800","5,800",0,"-122,000","-1,108,000","-1,108,000","1,230,000","1,230,100",100,-,100,0,"-127,800","61,056"
"masterworks 227, llc","1,408,100",-,"1,402,520","5,480",100,-,0,"78,150",274,"5,480","1,563,000",-,-,-,-,-,100,-,-100,"-160,480","5,480",0,"-155,000","-1,408,000","-1,408,000","1,563,000","1,563,100",100,-,100,0,"-160,480","77,832"
"masterworks 228, llc","9,100,100",-,"9,090,740","9,260",100,-,0,"495,025",463,"9,260","10,101,000",-,-,-,-,-,100,-,-100,"-1,010,260","9,260",0,"-1,001,000","-9,100,000","-9,100,000","10,101,000","10,101,100",100,-,100,0,"-1,010,260","399,803"
"masterworks 229, llc","800,100",-,"799,920",80,100,-,0,"44,400",4,80,"888,000",-,-,-,-,-,100,-,-100,"-88,080",80,0,"-88,000","-800,000","-800,000","888,000","888,100",100,-,100,0,"-88,080","40,380"
"masterworks 230, llc","1,550,100",-,"1,547,840","2,160",100,-,0,"86,050",108,"2,160","1,721,000",-,-,-,-,-,100,-,-100,"-173,160","2,160",0,"-171,000","-1,550,000","-1,550,000","1,721,000","1,721,100",100,-,100,0,"-173,160","78,203"
"masterworks 231, llc","665,100",-,"663,460","1,540",100,-,0,"36,900",77,"1,540","738,000",-,-,-,-,-,-,100,-100,"-74,540","1,540",0,"-73,000","-665,000","-665,000","738,000","738,100",100,-,100,0,"-74,540","36,900"
"masterworks 232, llc","1,000,100",-,"997,060","2,940",100,-,0,"55,500",147,"2,940","1,110,000",-,-,-,-,-,-,100,-100,"-112,940","2,940",0,"-110,000","-1,000,000","-1,000,000","1,110,000","1,110,100",100,-,100,0,"-112,940","54,967"
"masterworks 233, llc","1,576,100","2,500","1,570,380","3,120",100,-,0,"87,325",156,"3,120","1,746,500",-,-,-,-,-,-,100,-100,"-176,120","3,120",0,"-171,500","-1,575,000","-1,575,000","1,746,500","1,747,600","1,100",-,"1,100",0,"-176,120","85,267"
"masterworks 234, llc","962,400","273,340","688,960",0,100,-,0,"39,698",0,NA,"793,960",-,-,-,-,-,-,100,-100,"-105,000",0,0,-,"-793,960","-793,960","793,960","806,360","12,400",-,"12,400",0,"-105,000","33,486"
"masterworks 235, llc","36,260","36,160",-,0,100,-,0,-,0,NA,-,-,-,-,-,-,-,100,-100,-,0,0,-,0,-,0,"36,260","36,260",-,"36,260",0,-,-
"masterworks 236, llc","2,830,000","2,829,900",-,0,100,-,0,-,0,NA,-,-,-,-,-,-,-,100,-100,-,0,0,-,0,-,0,"2,830,000","2,830,000",-,"2,830,000",0,-,-
"masterworks 237, llc","950,100",-,"948,100","1,900",100,-,0,"52,750",95,"1,900","1,055,000",-,-,-,-,-,-,100,-100,"-106,900","1,900",0,"-105,000","-950,000","-950,000","1,055,000","1,055,100",100,-,100,0,"-106,900","52,650"
"masterworks 238, llc","646,047",-,"644,427","1,520",100,-,0,"35,850",76,"1,520","717,000",-,-,-,-,-,-,100,-100,"-72,573","1,520",0,"-71,053","-645,947","-645,947","717,000","717,100",100,-,100,0,"-72,573","35,850"
"masterworks 239, llc","4,644,600","4,644,500",-,0,100,-,0,-,0,NA,-,NA,$-,NA,NA,NA,NA,100,-100,-,0,0,-,0,-,0,"4,644,600","4,644,600",-,"4,644,600",0,-,-
"masterworks 240, llc","1,304,742","25,200","1,279,382",60,100,-,0,"71,140",3,60,"1,422,800",-,-,-,-,-,-,100,-100,"-143,419",60,0,"-119,159","-1,303,642","-1,303,642","1,422,800","1,423,900","1,100",-,"1,100",0,"-143,419","61,988"
"masterworks 241, llc","1,743,335",-,"1,740,815","2,420",100,-,0,"96,750",121,"2,420","1,935,000",-,-,-,-,-,-,100,-100,"-194,186","2,420",0,"-191,766","-1,743,235","-1,743,235","1,935,000","1,935,100",100,-,100,0,"-194,186","96,750"
"masterworks 242, llc","2,024,664",-,"2,020,544","4,020",100,-,0,"112,350",201,"4,020","2,247,000",-,-,-,-,-,-,100,-100,"-226,456","4,020",0,"-222,436","-2,024,564","-2,024,564","2,247,000","2,247,100",100,-,100,0,"-226,456","112,338"
"masterworks 243, llc","1,275,140","406,300","868,740",0,100,-,0,"50,387",0,NA,"1,007,740",-,-,-,-,-,-,100,-100,"-139,000",0,0,-,"-1,260,000","-1,260,000","1,007,740","1,275,140","15,140",-,"15,140",0,"-139,000","50,387"
"masterworks 244, llc","650,100",-,"648,500","1,500",100,-,0,"36,100",75,"1,500","722,000",-,-,-,-,-,-,100,-100,"-73,500","1,500",0,"-72,000","-650,000","-650,000","722,000","722,100",100,-,100,0,"-73,500","35,483"
"masterworks 245, llc","1,450,100",-,"1,447,980","2,020",100,-,0,"80,500",101,"2,020","1,610,000",-,-,-,-,-,-,100,-100,"-162,020","2,020",0,"-160,000","-1,450,000","-1,450,000","1,610,000","1,610,100",100,-,100,0,"-162,020","80,198"
"masterworks 246, llc","1,452,100",-,"1,449,580","2,420",100,-,0,"80,600",121,"2,420","1,612,000",-,-,-,-,-,-,100,-100,"-162,420","2,420",0,"-160,000","-1,452,000","-1,452,000","1,612,000","1,612,100",100,-,100,0,"-162,420","78,950"
"masterworks 247, llc","2,752,480","293,540","2,458,840",0,100,-,0,"138,092",0,NA,"2,761,840",-,-,-,-,-,-,100,-100,"-303,000",0,0,"-11,840","-2,750,000","-2,750,000","2,761,840","2,764,320","2,480",-,"2,480",0,"-303,000","138,092"
"masterworks 248, llc","1,760,100",-,"1,758,200","1,800",100,-,0,"97,700",90,"1,800","1,954,000",-,-,-,-,-,-,100,-100,"-195,800","1,800",NA,"-194,000","-1,760,000","-1,760,000","1,954,000","1,954,100",100,-,100,0,"-195,800","94,469"
"masterworks 249, llc","455,100",-,"454,540",460,100,-,0,"25,000",23,460,"500,000",-,-,-,-,-,-,100,-100,"-45,460",460,0,"-45,000","-455,000","-455,000","500,000","500,100",100,-,100,0,"-45,460","22,517"
"masterworks 250, llc","1,109,640","546,820","562,720",0,100,-,0,"33,786",0,NA,"675,720",-,-,-,-,-,-,100,-100,"-113,000",0,0,-,"-675,720","-675,720","675,720","760,359","84,639",-,"84,640",0,"-113,000","33,786"
"masterworks 251, llc","465,100",63,"464,240",760,100,-,0,"25,800",38,760,"516,000",-,-,-,-,-,-,100,-100,"-51,760",760,63,"-50,937","-465,000","-465,000","516,000","516,038",100,-,100,0,"-51,760","24,203"
"masterworks 252, llc","960,100",228,"958,400","1,600",100,-,0,"53,300",80,"1,600","1,066,000",-,-,-,-,-,-,100,-100,"-107,600","1,600",228,"-105,772","-960,000","-960,000","1,066,000","1,065,873",101,-,100,0,"-107,600","52,183"
"masterworks 253, llc","879,420","352,120","527,200",0,100,-,0,"30,910",0,NA,"618,200",-,-,-,-,-,-,100,-100,"-91,000",0,0,-,"-618,200","-618,200","618,200","667,620","49,420",-,"49,420",0,"-91,000","26,212"
"masterworks 254, llc",100,0,-,0,100,-,0,0,0,0,-,-,-,-,-,-,-,100,-100,-,0,0,-,0,-,0,100,100,-,100,0,-,-
"masterworks 255, llc","580,100",-,"579,700",300,100,-,0,"32,200",15,300,"644,000",-,-,-,-,-,-,100,-100,"-64,300",300,0,"-64,000","-580,000","-580,000","644,000","644,100",100,-,100,0,"-64,300","32,200"
"masterworks 256, llc","505,100",-,"504,160",840,100,-,0,"28,050",42,840,"561,000",-,-,-,-,-,-,100,-100,"-56,840",840,0,"-56,000","-505,000","-505,000","561,000","561,100",100,-,100,0,"-56,840","27,475"
"masterworks 257, llc","605,100",-,"604,380",620,100,-,0,"33,600",31,620,"672,000",-,-,-,-,-,-,100,-100,"-67,620",620,0,"-67,000","-605,000","-605,000","672,000","672,100",100,-,100,0,"-67,620","31,592"
"masterworks 258, llc","1,502,600","420,080","1,082,420",0,100,-,0,"62,371",0,NA,"1,247,420",-,-,-,-,-,-,100,-100,"-165,000",0,0,-,"-1,350,000","-1,350,000","1,247,420","1,352,600","2,600",-,"2,600",0,"-165,000","62,371"
"masterworks 259, llc","2,921,100","1,832,220","1,088,780",0,100,-,0,"70,389",0,NA,"1,407,780",-,-,-,-,-,-,100,-100,"-319,000",0,0,-,"-2,900,000","-2,900,000","1,407,780","2,921,100","21,100",-,"21,100",0,"-319,000","70,389"
"masterworks 260, llc","1,700,100",-,"1,699,380",620,100,-,0,"94,350",31,620,"1,887,000",-,-,-,-,-,-,100,-100,"-187,620",620,0,"-187,000","-1,700,000","-1,700,000","1,887,000","1,887,100",100,-,100,0,"-187,620","94,350"
"masterworks 261, llc","2,792,160","85,120","2,703,120","3,820",100,-,0,"150,497",191,"3,820","3,009,940",-,-,-,-,-,-,100,-100,"-306,820","3,820",0,"-259,940","-2,750,000","-2,750,000","3,009,940","3,052,100","42,160",-,"42,160",0,"-306,820","150,497"
"masterworks 262, llc","14,148,520","2,234,440","11,913,980",0,100,-,0,"673,249",0,NA,"13,464,980",-,-,-,-,-,-,100,-100,"-1,551,000",0,0,-,"-13,464,980","-13,464,980","13,464,980","13,513,500","48,520",-,"48,520",0,"-1,551,000","563,075"
"masterworks 263, llc","625,100",-,"623,560","1,440",100,-,0,"34,700",72,"1,440","694,000",-,-,-,-,-,-,100,-100,"-70,440","1,440",0,"-69,000","-625,000","-625,000","694,000","694,100",100,-,100,0,"-70,440","33,989"
"masterworks 264, llc","786,528",-,"786,028",400,100,-,0,"43,650",20,400,"873,000",-,-,-,-,-,-,100,-100,"-86,972",400,0,"-86,572","-786,428","-786,428","873,000","873,100",100,-,100,0,"-86,972","43,650"
"masterworks 265, llc","655,542",-,"655,102",340,100,-,0,"36,400",17,340,"728,000",-,-,-,-,-,-,100,-100,"-72,898",340,0,"-72,558","-655,442","-655,442","728,000","728,100",100,-,100,0,"-72,898","36,400"
"masterworks 266, llc","589,592","34,940","554,252",300,100,-,0,"30,889",15,300,"617,780",-,-,-,-,-,-,100,-100,"-63,528",300,0,"-45,008","-572,772","-572,772","617,780","634,600","16,820",-,"16,820",0,"-63,528","28,145"
"masterworks 267, llc","491,681",-,"491,321",260,100,-,0,"27,300",13,260,"546,000",NA,NA,NA,$,-,NA,100,-100,"-54,679",260,0,"-54,419","-491,581","-491,581","546,000","546,100",100,-,100,0,"-54,679","27,300"
"masterworks 268, llc","2,134,200","2,134,100",-,0,100,-,0,-,0,NA,-,-,-,-,-,-,-,100,-100,-,0,0,NA,0,NA,0,"2,134,200","2,134,200",-,"2,134,200",0,-,-
"masterworks 269, llc","2,845,250","1,969,820","875,330",0,100,-,0,"59,049",0,NA,"1,180,980",-,-,-,-,-,-,100,-100,"-305,650",0,0,-,"-2,781,350","-2,781,350","1,180,980","2,845,250","63,900",-,"63,900",0,"-305,650","59,049"
"masterworks 270, llc","7,676,136","3,235,020","4,441,016",0,100,-,0,"261,063",0,NA,"5,221,260",-,-,-,-,-,-,100,-100,"-780,244",0,0,-,"-7,095,756","-7,095,756","5,221,260","7,676,136","580,380",-,"580,380",0,"-780,244","261,063"
"masterworks 271, llc","2,519,160","2,519,060",-,0,100,-,0,-,0,NA,-,-,-,-,-,-,-,100,-100,-,0,0,-,0,-,0,"2,519,160","2,519,160",-,"2,519,160",0,-,-
"masterworks 272, llc","364,087",-,"363,807",180,100,-,0,"20,200",9,180,"404,000",-,-,-,-,-,-,100,-100,"-40,193",180,0,"-40,013","-363,987","-363,987","404,000","404,100",100,-,100,0,"-40,193","20,200"
"masterworks 273, llc","5,120","5,020",-,0,100,-,0,-,0,NA,-,-,-,-,-,-,-,100,-100,-,0,0,-,0,-,0,"5,120","5,120",-,"5,120",0,-,-
"masterworks 274, llc","32,500","32,400",-,0,100,-,0,-,0,NA,-,-,-,-,-,-,-,100,-100,-,0,0,-,0,-,0,"32,500","32,500",-,"32,500",0,-,-
"masterworks 275, llc","849,320","849,220",-,0,100,-,0,-,0,NA,-,-,-,-,-,-,-,100,-100,-,0,0,-,0,-,0,"849,320","849,320",-,"849,320",0,-,-
"masterworks 276, llc","389,493","55,500","333,893",0,100,-,0,"18,675",0,NA,"373,500",-,-,-,-,-,-,100,-100,"-39,607",0,0,"-12,107","-361,393","-361,393","373,500","401,600","28,100",-,"28,100",0,"-39,607","18,675"
"masterworks 277, llc","857,346","24,386","832,260",600,100,-,0,"46,343",30,600,"926,860",-,-,-,-,-,-,100,-100,"-94,600",600,106,"-76,754","-850,000","-850,000","926,860","934,100","7,346",-,"7,346",0,"-94,600","46,343"
"masterworks 278, llc","333,880","333,780",-,0,100,-,0,-,0,NA,-,-,-,-,-,-,-,100,-100,-,0,0,-,0,-,0,"333,880","333,880",-,"333,880",0,-,-
"masterworks 279, llc",100,-,-,0,100,-,0,-,0,NA,-,-,-,-,-,-,-,100,-100,-,0,0,-,0,-,0,100,100,-,100,0,-,-
"masterworks 280, llc","788,100","50,700","737,260",40,100,-,0,"41,115",2,40,"822,300",-,-,-,-,-,-,100,-100,"-85,040",40,0,"-47,300","-775,000","-775,000","822,300","835,400","13,100",-,"13,100",0,"-85,040","41,115"
"masterworks 282, llc",100,-,-,0,100,-,0,-,0,NA,-,-,-,-,-,-,-,100,-100,-,0,0,-,0,-,0,100,100,-,100,0,-,-
"masterworks 283, llc","209,400","209,300",-,0,100,-,0,-,0,NA,-,-,-,-,-,-,-,100,-100,-,0,0,-,0,-,0,"209,400","209,400",-,"209,400",0,-,-
"masterworks 284, llc","828,160","828,060",-,0,100,-,0,-,0,NA,-,-,-,-,-,-,-,100,-100,-,0,0,-,0,-,0,"828,160","828,160",-,"828,160",0,-,-
"masterworks 285, llc","290,420","290,320",-,0,100,-,0,-,0,NA,-,-,-,-,-,-,-,100,-100,-,0,0,-,0,-,0,"290,420","290,420",-,"290,420",0,-,-
"masterworks 286, llc",100,-,-,0,100,-,0,-,0,NA,-,-,-,-,-,-,-,100,-100,-,0,0,-,0,-,0,100,100,-,100,0,-,-
"masterworks 287, llc","718,760","718,660",-,0,100,-,0,-,0,NA,-,-,-,-,-,-,-,100,-100,-,0,0,-,0,-,0,"718,760","718,760",-,"718,760",0,-,-
"masterworks 288, llc","5,403,980","5,403,880",-,0,100,-,0,-,0,NA,-,-,-,-,-,-,-,100,-100,-,0,0,-,0,-,0,"5,403,980","5,403,980",-,"5,403,980",0,-,-
"masterworks 289, llc","62,720","62,620",-,0,100,-,0,-,0,NA,-,-,-,-,-,-,-,100,-100,-,0,0,-,0,-,0,"62,720","62,720",-,"62,720",0,-,-
"masterworks 300, llc",NA,NA,NA,NA,NA,NA,NA,NA,NA,NA,NA,NA,NA,NA,NA,NA,NA,NA,NA,NA,NA,NA,NA,NA,NA,NA,NA,NA,NA,NA,NA,NA,NA
"masterworks 301, llc",NA,NA,NA,NA,NA,NA,NA,NA,NA,NA,NA,NA,NA,NA,NA,NA,NA,NA,NA,NA,NA,NA,NA,NA,NA,NA,NA,NA,NA,NA,NA,NA,NA
"masterworks 302, llc",NA,NA,NA,NA,NA,NA,NA,NA,NA,NA,NA,NA,NA,NA,NA,NA,NA,NA,NA,NA,NA,NA,NA,NA,NA,NA,NA,NA,NA,NA,NA,NA,NA
"masterworks 303, llc",NA,NA,NA,NA,NA,NA,NA,NA,NA,NA,NA,NA,NA,NA,NA,NA,NA,NA,NA,NA,NA,NA,NA,NA,NA,NA,NA,NA,NA,NA,NA,NA,NA
"masterworks 304, llc",NA,NA,NA,NA,NA,NA,NA,NA,NA,NA,NA,NA,NA,NA,NA,NA,NA,NA,NA,NA,NA,NA,NA,NA,NA,NA,NA,NA,NA,NA,NA,NA,NA
"masterworks 305, llc",NA,NA,NA,NA,NA,NA,NA,NA,NA,NA,NA,NA,NA,NA,NA,NA,NA,NA,NA,NA,NA,NA,NA,NA,NA,NA,NA,NA,NA,NA,NA,NA,NA
"masterworks 306, llc",NA,NA,NA,NA,NA,NA,NA,NA,NA,NA,NA,NA,NA,NA,NA,NA,NA,NA,NA,NA,NA,NA,NA,NA,NA,NA,NA,NA,NA,NA,NA,NA,NA
"masterworks 307, llc",NA,NA,NA,NA,NA,NA,NA,NA,NA,NA,NA,NA,NA,NA,NA,NA,NA,NA,NA,NA,NA,NA,NA,NA,NA,NA,NA,NA,NA,NA,NA,NA,NA
"masterworks 308, llc",NA,NA,NA,NA,NA,NA,NA,NA,NA,NA,NA,NA,NA,NA,NA,NA,NA,NA,NA,NA,NA,NA,NA,NA,NA,NA,NA,NA,NA,NA,NA,NA,NA
"masterworks 309, llc",NA,NA,NA,NA,NA,NA,NA,NA,NA,NA,NA,NA,NA,NA,NA,NA,NA,NA,NA,NA,NA,NA,NA,NA,NA,NA,NA,NA,NA,NA,NA,NA,NA
"masterworks 310, llc",NA,NA,NA,NA,NA,NA,NA,NA,NA,NA,NA,NA,NA,NA,NA,NA,NA,NA,NA,NA,NA,NA,NA,NA,NA,NA,NA,NA,NA,NA,NA,NA,NA
"masterworks 311, llc",NA,NA,NA,NA,NA,NA,NA,NA,NA,NA,NA,NA,NA,NA,NA,NA,NA,NA,NA,NA,NA,NA,NA,NA,NA,NA,NA,NA,NA,NA,NA,NA,NA
"masterworks 312, llc",NA,NA,NA,NA,NA,NA,NA,NA,NA,NA,NA,NA,NA,NA,NA,NA,NA,NA,NA,NA,NA,NA,NA,NA,NA,NA,NA,NA,NA,NA,NA,NA,NA
"masterworks 313, llc",NA,NA,NA,NA,NA,NA,NA,NA,NA,NA,NA,NA,NA,NA,NA,NA,NA,NA,NA,NA,NA,NA,NA,NA,NA,NA,NA,NA,NA,NA,NA,NA,NA
"masterworks 314, llc",NA,NA,NA,NA,NA,NA,NA,NA,NA,NA,NA,NA,NA,NA,NA,NA,NA,NA,NA,NA,NA,NA,NA,NA,NA,NA,NA,NA,NA,NA,NA,NA,NA
"masterworks 315, llc",NA,NA,NA,NA,NA,NA,NA,NA,NA,NA,NA,NA,NA,NA,NA,NA,NA,NA,NA,NA,NA,NA,NA,NA,NA,NA,NA,NA,NA,NA,NA,NA,NA
"masterworks 316, llc",NA,NA,NA,NA,NA,NA,NA,NA,NA,NA,NA,NA,NA,NA,NA,NA,NA,NA,NA,NA,NA,NA,NA,NA,NA,NA,NA,NA,NA,NA,NA,NA,NA
"masterworks 317, llc",NA,NA,NA,NA,NA,NA,NA,NA,NA,NA,NA,NA,NA,NA,NA,NA,NA,NA,NA,NA,NA,NA,NA,NA,NA,NA,NA,NA,NA,NA,NA,NA,NA
"masterworks 318, llc",NA,NA,NA,NA,NA,NA,NA,NA,NA,NA,NA,NA,NA,NA,NA,NA,NA,NA,NA,NA,NA,NA,NA,NA,NA,NA,NA,NA,NA,NA,NA,NA,NA
"masterworks 319, llc",NA,NA,NA,NA,NA,NA,NA,NA,NA,NA,NA,NA,NA,NA,NA,NA,NA,NA,NA,NA,NA,NA,NA,NA,NA,NA,NA,NA,NA,NA,NA,NA,NA
"masterworks 320, llc",NA,NA,NA,NA,NA,NA,NA,NA,NA,NA,NA,NA,NA,NA,NA,NA,NA,NA,NA,NA,NA,NA,NA,NA,NA,NA,NA,NA,NA,NA,NA,NA,NA
"masterworks 321, llc",NA,NA,NA,NA,NA,NA,NA,NA,NA,NA,NA,NA,NA,NA,NA,NA,NA,NA,NA,NA,NA,NA,NA,NA,NA,NA,NA,NA,NA,NA,NA,NA,NA
"masterworks 323, llc",NA,NA,NA,NA,NA,NA,NA,NA,NA,NA,NA,NA,NA,NA,NA,NA,NA,NA,NA,NA,NA,NA,NA,NA,NA,NA,NA,NA,NA,NA,NA,NA,NA
"masterworks 324, llc",NA,NA,NA,NA,NA,NA,NA,NA,NA,NA,NA,NA,NA,NA,NA,NA,NA,NA,NA,NA,NA,NA,NA,NA,NA,NA,NA,NA,NA,NA,NA,NA,NA
"masterworks 325, llc",NA,NA,NA,NA,NA,NA,NA,NA,NA,NA,NA,NA,NA,NA,NA,NA,NA,NA,NA,NA,NA,NA,NA,NA,NA,NA,NA,NA,NA,NA,NA,NA,NA
"masterworks 326, llc",NA,NA,NA,NA,NA,NA,NA,NA,NA,NA,NA,NA,NA,NA,NA,NA,NA,NA,NA,NA,NA,NA,NA,NA,NA,NA,NA,NA,NA,NA,NA,NA,NA
"masterworks 327, llc",NA,NA,NA,NA,NA,NA,NA,NA,NA,NA,NA,NA,NA,NA,NA,NA,NA,NA,NA,NA,NA,NA,NA,NA,NA,NA,NA,NA,NA,NA,NA,NA,NA
"masterworks 328, llc",NA,NA,NA,NA,NA,NA,NA,NA,NA,NA,NA,NA,NA,NA,NA,NA,NA,NA,NA,NA,NA,NA,NA,NA,NA,NA,NA,NA,NA,NA,NA,NA,NA
"masterworks 329, llc",NA,NA,NA,NA,NA,NA,NA,NA,NA,NA,NA,NA,NA,NA,NA,NA,NA,NA,NA,NA,NA,NA,NA,NA,NA,NA,NA,NA,NA,NA,NA,NA,NA
"masterworks 330, llc",NA,NA,NA,NA,NA,NA,NA,NA,NA,NA,NA,NA,NA,NA,NA,NA,NA,NA,NA,NA,NA,NA,NA,NA,NA,NA,NA,NA,NA,NA,NA,NA,NA
"masterworks 331, llc",NA,NA,NA,NA,NA,NA,NA,NA,NA,NA,NA,NA,NA,NA,NA,NA,NA,NA,NA,NA,NA,NA,NA,NA,NA,NA,NA,NA,NA,NA,NA,NA,NA
"masterworks 332, llc",NA,NA,NA,NA,NA,NA,NA,NA,NA,NA,NA,NA,NA,NA,NA,NA,NA,NA,NA,NA,NA,NA,NA,NA,NA,NA,NA,NA,NA,NA,NA,NA,NA
"masterworks 333, llc",NA,NA,NA,NA,NA,NA,NA,NA,NA,NA,NA,NA,NA,NA,NA,NA,NA,NA,NA,NA,NA,NA,NA,NA,NA,NA,NA,NA,NA,NA,NA,NA,NA
"masterworks 334, llc",NA,NA,NA,NA,NA,NA,NA,NA,NA,NA,NA,NA,NA,NA,NA,NA,NA,NA,NA,NA,NA,NA,NA,NA,NA,NA,NA,NA,NA,NA,NA,NA,NA
"masterworks 335, llc",NA,NA,NA,NA,NA,NA,NA,NA,NA,NA,NA,NA,NA,NA,NA,NA,NA,NA,NA,NA,NA,NA,NA,NA,NA,NA,NA,NA,NA,NA,NA,NA,NA
"masterworks 336, llc",NA,NA,NA,NA,NA,NA,NA,NA,NA,NA,NA,NA,NA,NA,NA,NA,NA,NA,NA,NA,NA,NA,NA,NA,NA,NA,NA,NA,NA,NA,NA,NA,NA
"masterworks 337, llc",NA,NA,NA,NA,NA,NA,NA,NA,NA,NA,NA,NA,NA,NA,NA,NA,NA,NA,NA,NA,NA,NA,NA,NA,NA,NA,NA,NA,NA,NA,NA,NA,NA
"masterworks 338, llc",NA,NA,NA,NA,NA,NA,NA,NA,NA,NA,NA,NA,NA,NA,NA,NA,NA,NA,NA,NA,NA,NA,NA,NA,NA,NA,NA,NA,NA,NA,NA,NA,NA
"masterworks 339, llc",NA,NA,NA,NA,NA,NA,NA,NA,NA,NA,NA,NA,NA,NA,NA,NA,NA,NA,NA,NA,NA,NA,NA,NA,NA,NA,NA,NA,NA,NA,NA,NA,NA
"masterworks 340, llc",NA,NA,NA,NA,NA,NA,NA,NA,NA,NA,NA,NA,NA,NA,NA,NA,NA,NA,NA,NA,NA,NA,NA,NA,NA,NA,NA,NA,NA,NA,NA,NA,NA
"masterworks 341, llc",NA,NA,NA,NA,NA,NA,NA,NA,NA,NA,NA,NA,NA,NA,NA,NA,NA,NA,NA,NA,NA,NA,NA,NA,NA,NA,NA,NA,NA,NA,NA,NA,NA
"masterworks 342, llc",NA,NA,NA,NA,NA,NA,NA,NA,NA,NA,NA,NA,NA,NA,NA,NA,NA,NA,NA,NA,NA,NA,NA,NA,NA,NA,NA,NA,NA,NA,NA,NA,NA
"masterworks 343, llc",NA,NA,NA,NA,NA,NA,NA,NA,NA,NA,NA,NA,NA,NA,NA,NA,NA,NA,NA,NA,NA,NA,NA,NA,NA,NA,NA,NA,NA,NA,NA,NA,NA
"masterworks 344, llc",NA,NA,NA,NA,NA,NA,NA,NA,NA,NA,NA,NA,NA,NA,NA,NA,NA,NA,NA,NA,NA,NA,NA,NA,NA,NA,NA,NA,NA,NA,NA,NA,NA
"masterworks 345, llc",NA,NA,NA,NA,NA,NA,NA,NA,NA,NA,NA,NA,NA,NA,NA,NA,NA,NA,NA,NA,NA,NA,NA,NA,NA,NA,NA,NA,NA,NA,NA,NA,NA
"masterworks 346, llc",NA,NA,NA,NA,NA,NA,NA,NA,NA,NA,NA,NA,NA,NA,NA,NA,NA,NA,NA,NA,NA,NA,NA,NA,NA,NA,NA,NA,NA,NA,NA,NA,NA
"masterworks 347, llc",NA,NA,NA,NA,NA,NA,NA,NA,NA,NA,NA,NA,NA,NA,NA,NA,NA,NA,NA,NA,NA,NA,NA,NA,NA,NA,NA,NA,NA,NA,NA,NA,NA
"masterworks 348, llc",NA,NA,NA,NA,NA,NA,NA,NA,NA,NA,NA,NA,NA,NA,NA,NA,NA,NA,NA,NA,NA,NA,NA,NA,NA,NA,NA,NA,NA,NA,NA,NA,NA
"masterworks 349, llc",NA,NA,NA,NA,NA,NA,NA,NA,NA,NA,NA,NA,NA,NA,NA,NA,NA,NA,NA,NA,NA,NA,NA,NA,NA,NA,NA,NA,NA,NA,NA,NA,NA
"masterworks 350, llc",NA,NA,NA,NA,NA,NA,NA,NA,NA,NA,NA,NA,NA,NA,NA,NA,NA,NA,NA,NA,NA,NA,NA,NA,NA,NA,NA,NA,NA,NA,NA,NA,NA
"masterworks 351, llc",NA,NA,NA,NA,NA,NA,NA,NA,NA,NA,NA,NA,NA,NA,NA,NA,NA,NA,NA,NA,NA,NA,NA,NA,NA,NA,NA,NA,NA,NA,NA,NA,NA
"masterworks 352, llc",NA,NA,NA,NA,NA,NA,NA,NA,NA,NA,NA,NA,NA,NA,NA,NA,NA,NA,NA,NA,NA,NA,NA,NA,NA,NA,NA,NA,NA,NA,NA,NA,NA
"masterworks 353, llc",NA,NA,NA,NA,NA,NA,NA,NA,NA,NA,NA,NA,NA,NA,NA,NA,NA,NA,NA,NA,NA,NA,NA,NA,NA,NA,NA,NA,NA,NA,NA,NA,NA
"masterworks 354, llc",NA,NA,NA,NA,NA,NA,NA,NA,NA,NA,NA,NA,NA,NA,NA,NA,NA,NA,NA,NA,NA,NA,NA,NA,NA,NA,NA,NA,NA,NA,NA,NA,NA
"masterworks 355, llc",NA,NA,NA,NA,NA,NA,NA,NA,NA,NA,NA,NA,NA,NA,NA,NA,NA,NA,NA,NA,NA,NA,NA,NA,NA,NA,NA,NA,NA,NA,NA,NA,NA
"masterworks 356, llc",NA,NA,NA,NA,NA,NA,NA,NA,NA,NA,NA,NA,NA,NA,NA,NA,NA,NA,NA,NA,NA,NA,NA,NA,NA,NA,NA,NA,NA,NA,NA,NA,NA
"masterworks 357, llc",NA,NA,NA,NA,NA,NA,NA,NA,NA,NA,NA,NA,NA,NA,NA,NA,NA,NA,NA,NA,NA,NA,NA,NA,NA,NA,NA,NA,NA,NA,NA,NA,NA
"masterworks 358, llc",NA,NA,NA,NA,NA,NA,NA,NA,NA,NA,NA,NA,NA,NA,NA,NA,NA,NA,NA,NA,NA,NA,NA,NA,NA,NA,NA,NA,NA,NA,NA,NA,NA
"masterworks 359, llc",NA,NA,NA,NA,NA,NA,NA,NA,NA,NA,NA,NA,NA,NA,NA,NA,NA,NA,NA,NA,NA,NA,NA,NA,NA,NA,NA,NA,NA,NA,NA,NA,NA
"masterworks 360, llc",NA,NA,NA,NA,NA,NA,NA,NA,NA,NA,NA,NA,NA,NA,NA,NA,NA,NA,NA,NA,NA,NA,NA,NA,NA,NA,NA,NA,NA,NA,NA,NA,NA
"masterworks 361, llc",NA,NA,NA,NA,NA,NA,NA,NA,NA,NA,NA,NA,NA,NA,NA,NA,NA,NA,NA,NA,NA,NA,NA,NA,NA,NA,NA,NA,NA,NA,NA,NA,NA
"masterworks 362, llc",NA,NA,NA,NA,NA,NA,NA,NA,NA,NA,NA,NA,NA,NA,NA,NA,NA,NA,NA,NA,NA,NA,NA,NA,NA,NA,NA,NA,NA,NA,NA,NA,NA
"masterworks 363, llc",NA,NA,NA,NA,NA,NA,NA,NA,NA,NA,NA,NA,NA,NA,NA,NA,NA,NA,NA,NA,NA,NA,NA,NA,NA,NA,NA,NA,NA,NA,NA,NA,NA
"masterworks 365, llc",NA,NA,NA,NA,NA,NA,NA,NA,NA,NA,NA,NA,NA,NA,NA,NA,NA,NA,NA,NA,NA,NA,NA,NA,NA,NA,NA,NA,NA,NA,NA,NA,NA
"masterworks 366, llc",NA,NA,NA,NA,NA,NA,NA,NA,NA,NA,NA,NA,NA,NA,NA,NA,NA,NA,NA,NA,NA,NA,NA,NA,NA,NA,NA,NA,NA,NA,NA,NA,NA
"masterworks 367, llc",NA,NA,NA,NA,NA,NA,NA,NA,NA,NA,NA,NA,NA,NA,NA,NA,NA,NA,NA,NA,NA,NA,NA,NA,NA,NA,NA,NA,NA,NA,NA,NA,NA
"masterworks 368, llc",NA,NA,NA,NA,NA,NA,NA,NA,NA,NA,NA,NA,NA,NA,NA,NA,NA,NA,NA,NA,NA,NA,NA,NA,NA,NA,NA,NA,NA,NA,NA,NA,NA
"masterworks 370, llc",NA,NA,NA,NA,NA,NA,NA,NA,NA,NA,NA,NA,NA,NA,NA,NA,NA,NA,NA,NA,NA,NA,NA,NA,NA,NA,NA,NA,NA,NA,NA,NA,NA
"masterworks 371, llc",NA,NA,NA,NA,NA,NA,NA,NA,NA,NA,NA,NA,NA,NA,NA,NA,NA,NA,NA,NA,NA,NA,NA,NA,NA,NA,NA,NA,NA,NA,NA,NA,NA
"masterworks 372, llc",NA,NA,NA,NA,NA,NA,NA,NA,NA,NA,NA,NA,NA,NA,NA,NA,NA,NA,NA,NA,NA,NA,NA,NA,NA,NA,NA,NA,NA,NA,NA,NA,NA
"masterworks 374, llc",NA,NA,NA,NA,NA,NA,NA,NA,NA,NA,NA,NA,NA,NA,NA,NA,NA,NA,NA,NA,NA,NA,NA,NA,NA,NA,NA,NA,NA,NA,NA,NA,NA
"masterworks 376, llc",NA,NA,NA,NA,NA,NA,NA,NA,NA,NA,NA,NA,NA,NA,NA,NA,NA,NA,NA,NA,NA,NA,NA,NA,NA,NA,NA,NA,NA,NA,NA,NA,NA
"masterworks 377, llc",NA,NA,NA,NA,NA,NA,NA,NA,NA,NA,NA,NA,NA,NA,NA,NA,NA,NA,NA,NA,NA,NA,NA,NA,NA,NA,NA,NA,NA,NA,NA,NA,NA
"masterworks 378, llc",NA,NA,NA,NA,NA,NA,NA,NA,NA,NA,NA,NA,NA,NA,NA,NA,NA,NA,NA,NA,NA,NA,NA,NA,NA,NA,NA,NA,NA,NA,NA,NA,NA
"masterworks 379, llc",NA,NA,NA,NA,NA,NA,NA,NA,NA,NA,NA,NA,NA,NA,NA,NA,NA,NA,NA,NA,NA,NA,NA,NA,NA,NA,NA,NA,NA,NA,NA,NA,NA
"masterworks 380, llc",NA,NA,NA,NA,NA,NA,NA,NA,NA,NA,NA,NA,NA,NA,NA,NA,NA,NA,NA,NA,NA,NA,NA,NA,NA,NA,NA,NA,NA,NA,NA,NA,NA
"masterworks 381, llc",NA,NA,NA,NA,NA,NA,NA,NA,NA,NA,NA,NA,NA,NA,NA,NA,NA,NA,NA,NA,NA,NA,NA,NA,NA,NA,NA,NA,NA,NA,NA,NA,NA
"masterworks 382, llc",NA,NA,NA,NA,NA,NA,NA,NA,NA,NA,NA,NA,NA,NA,NA,NA,NA,NA,NA,NA,NA,NA,NA,NA,NA,NA,NA,NA,NA,NA,NA,NA,NA
"masterworks 383, llc",NA,NA,NA,NA,NA,NA,NA,NA,NA,NA,NA,NA,NA,NA,NA,NA,NA,NA,NA,NA,NA,NA,NA,NA,NA,NA,NA,NA,NA,NA,NA,NA,NA
"masterworks 384, llc",NA,NA,NA,NA,NA,NA,NA,NA,NA,NA,NA,NA,NA,NA,NA,NA,NA,NA,NA,NA,NA,NA,NA,NA,NA,NA,NA,NA,NA,NA,NA,NA,NA
"masterworks 385, llc",NA,NA,NA,NA,NA,NA,NA,NA,NA,NA,NA,NA,NA,NA,NA,NA,NA,NA,NA,NA,NA,NA,NA,NA,NA,NA,NA,NA,NA,NA,NA,NA,NA
"masterworks 386, llc",NA,NA,NA,NA,NA,NA,NA,NA,NA,NA,NA,NA,NA,NA,NA,NA,NA,NA,NA,NA,NA,NA,NA,NA,NA,NA,NA,NA,NA,NA,NA,NA,NA
"masterworks 387, llc",NA,NA,NA,NA,NA,NA,NA,NA,NA,NA,NA,NA,NA,NA,NA,NA,NA,NA,NA,NA,NA,NA,NA,NA,NA,NA,NA,NA,NA,NA,NA,NA,NA
"masterworks 388, llc",NA,NA,NA,NA,NA,NA,NA,NA,NA,NA,NA,NA,NA,NA,NA,NA,NA,NA,NA,NA,NA,NA,NA,NA,NA,NA,NA,NA,NA,NA,NA,NA,NA
"masterworks 389, llc",NA,NA,NA,NA,NA,NA,NA,NA,NA,NA,NA,NA,NA,NA,NA,NA,NA,NA,NA,NA,NA,NA,NA,NA,NA,NA,NA,NA,NA,NA,NA,NA,NA
"masterworks 390, llc",NA,NA,NA,NA,NA,NA,NA,NA,NA,NA,NA,NA,NA,NA,NA,NA,NA,NA,NA,NA,NA,NA,NA,NA,NA,NA,NA,NA,NA,NA,NA,NA,NA
"masterworks 391, llc",NA,NA,NA,NA,NA,NA,NA,NA,NA,NA,NA,NA,NA,NA,NA,NA,NA,NA,NA,NA,NA,NA,NA,NA,NA,NA,NA,NA,NA,NA,NA,NA,NA
"masterworks 392, llc",NA,NA,NA,NA,NA,NA,NA,NA,NA,NA,NA,NA,NA,NA,NA,NA,NA,NA,NA,NA,NA,NA,NA,NA,NA,NA,NA,NA,NA,NA,NA,NA,NA
"masterworks 393, llc",NA,NA,NA,NA,NA,NA,NA,NA,NA,NA,NA,NA,NA,NA,NA,NA,NA,NA,NA,NA,NA,NA,NA,NA,NA,NA,NA,NA,NA,NA,NA,NA,NA
"masterworks 394, llc",NA,NA,NA,NA,NA,NA,NA,NA,NA,NA,NA,NA,NA,NA,NA,NA,NA,NA,NA,NA,NA,NA,NA,NA,NA,NA,NA,NA,NA,NA,NA,NA,NA
"masterworks 395, llc",NA,NA,NA,NA,NA,NA,NA,NA,NA,NA,NA,NA,NA,NA,NA,NA,NA,NA,NA,NA,NA,NA,NA,NA,NA,NA,NA,NA,NA,NA,NA,NA,NA
"masterworks 396, llc",NA,NA,NA,NA,NA,NA,NA,NA,NA,NA,NA,NA,NA,NA,NA,NA,NA,NA,NA,NA,NA,NA,NA,NA,NA,NA,NA,NA,NA,NA,NA,NA,NA
"masterworks 397, llc",NA,NA,NA,NA,NA,NA,NA,NA,NA,NA,NA,NA,NA,NA,NA,NA,NA,NA,NA,NA,NA,NA,NA,NA,NA,NA,NA,NA,NA,NA,NA,NA,NA
"masterworks 398, llc",NA,NA,NA,NA,NA,NA,NA,NA,NA,NA,NA,NA,NA,NA,NA,NA,NA,NA,NA,NA,NA,NA,NA,NA,NA,NA,NA,NA,NA,NA,NA,NA,NA
"masterworks 399, llc",NA,NA,NA,NA,NA,NA,NA,NA,NA,NA,NA,NA,NA,NA,NA,NA,NA,NA,NA,NA,NA,NA,NA,NA,NA,NA,NA,NA,NA,NA,NA,NA,NA
"masterworks 400, llc",NA,NA,NA,NA,NA,NA,NA,NA,NA,NA,NA,NA,NA,NA,NA,NA,NA,NA,NA,NA,NA,NA,NA,NA,NA,NA,NA,NA,NA,NA,NA,NA,NA
"masterworks 401, llc",NA,NA,NA,NA,NA,NA,NA,NA,NA,NA,NA,NA,NA,NA,NA,NA,NA,NA,NA,NA,NA,NA,NA,NA,NA,NA,NA,NA,NA,NA,NA,NA,NA
"masterworks 402, llc",NA,NA,NA,NA,NA,NA,NA,NA,NA,NA,NA,NA,NA,NA,NA,NA,NA,NA,NA,NA,NA,NA,NA,NA,NA,NA,NA,NA,NA,NA,NA,NA,NA
"masterworks 403, llc",NA,NA,NA,NA,NA,NA,NA,NA,NA,NA,NA,NA,NA,NA,NA,NA,NA,NA,NA,NA,NA,NA,NA,NA,NA,NA,NA,NA,NA,NA,NA,NA,NA
"masterworks 404, llc",NA,NA,NA,NA,NA,NA,NA,NA,NA,NA,NA,NA,NA,NA,NA,NA,NA,NA,NA,NA,NA,NA,NA,NA,NA,NA,NA,NA,NA,NA,NA,NA,NA
"masterworks 405, llc",NA,NA,NA,NA,NA,NA,NA,NA,NA,NA,NA,NA,NA,NA,NA,NA,NA,NA,NA,NA,NA,NA,NA,NA,NA,NA,NA,NA,NA,NA,NA,NA,NA
"masterworks 406, llc",NA,NA,NA,NA,NA,NA,NA,NA,NA,NA,NA,NA,NA,NA,NA,NA,NA,NA,NA,NA,NA,NA,NA,NA,NA,NA,NA,NA,NA,NA,NA,NA,NA
"masterworks 407, llc",NA,NA,NA,NA,NA,NA,NA,NA,NA,NA,NA,NA,NA,NA,NA,NA,NA,NA,NA,NA,NA,NA,NA,NA,NA,NA,NA,NA,NA,NA,NA,NA,NA
"masterworks 408, llc",NA,NA,NA,NA,NA,NA,NA,NA,NA,NA,NA,NA,NA,NA,NA,NA,NA,NA,NA,NA,NA,NA,NA,NA,NA,NA,NA,NA,NA,NA,NA,NA,NA
"masterworks 409, llc",NA,NA,NA,NA,NA,NA,NA,NA,NA,NA,NA,NA,NA,NA,NA,NA,NA,NA,NA,NA,NA,NA,NA,NA,NA,NA,NA,NA,NA,NA,NA,NA,NA
"masterworks 410, llc",NA,NA,NA,NA,NA,NA,NA,NA,NA,NA,NA,NA,NA,NA,NA,NA,NA,NA,NA,NA,NA,NA,NA,NA,NA,NA,NA,NA,NA,NA,NA,NA,NA
"masterworks 411, llc",NA,NA,NA,NA,NA,NA,NA,NA,NA,NA,NA,NA,NA,NA,NA,NA,NA,NA,NA,NA,NA,NA,NA,NA,NA,NA,NA,NA,NA,NA,NA,NA,NA
"masterworks 412, llc",NA,NA,NA,NA,NA,NA,NA,NA,NA,NA,NA,NA,NA,NA,NA,NA,NA,NA,NA,NA,NA,NA,NA,NA,NA,NA,NA,NA,NA,NA,NA,NA,NA
"masterworks 413, llc",NA,NA,NA,NA,NA,NA,NA,NA,NA,NA,NA,NA,NA,NA,NA,NA,NA,NA,NA,NA,NA,NA,NA,NA,NA,NA,NA,NA,NA,NA,NA,NA,NA
"masterworks 414, llc",NA,NA,NA,NA,NA,NA,NA,NA,NA,NA,NA,NA,NA,NA,NA,NA,NA,NA,NA,NA,NA,NA,NA,NA,NA,NA,NA,NA,NA,NA,NA,NA,NA
"masterworks 415, llc",NA,NA,NA,NA,NA,NA,NA,NA,NA,NA,NA,NA,NA,NA,NA,NA,NA,NA,NA,NA,NA,NA,NA,NA,NA,NA,NA,NA,NA,NA,NA,NA,NA
"masterworks 416, llc",NA,NA,NA,NA,NA,NA,NA,NA,NA,NA,NA,NA,NA,NA,NA,NA,NA,NA,NA,NA,NA,NA,NA,NA,NA,NA,NA,NA,NA,NA,NA,NA,NA
"masterworks 417, llc",NA,NA,NA,NA,NA,NA,NA,NA,NA,NA,NA,NA,NA,NA,NA,NA,NA,NA,NA,NA,NA,NA,NA,NA,NA,NA,NA,NA,NA,NA,NA,NA,NA
"masterworks 418, llc",NA,NA,NA,NA,NA,NA,NA,NA,NA,NA,NA,NA,NA,NA,NA,NA,NA,NA,NA,NA,NA,NA,NA,NA,NA,NA,NA,NA,NA,NA,NA,NA,NA
"masterworks 419, llc",NA,NA,NA,NA,NA,NA,NA,NA,NA,NA,NA,NA,NA,NA,NA,NA,NA,NA,NA,NA,NA,NA,NA,NA,NA,NA,NA,NA,NA,NA,NA,NA,NA
"masterworks 420, llc",NA,NA,NA,NA,NA,NA,NA,NA,NA,NA,NA,NA,NA,NA,NA,NA,NA,NA,NA,NA,NA,NA,NA,NA,NA,NA,NA,NA,NA,NA,NA,NA,NA
"masterworks 421, llc",NA,NA,NA,NA,NA,NA,NA,NA,NA,NA,NA,NA,NA,NA,NA,NA,NA,NA,NA,NA,NA,NA,NA,NA,NA,NA,NA,NA,NA,NA,NA,NA,NA
"masterworks 422, llc",NA,NA,NA,NA,NA,NA,NA,NA,NA,NA,NA,NA,NA,NA,NA,NA,NA,NA,NA,NA,NA,NA,NA,NA,NA,NA,NA,NA,NA,NA,NA,NA,NA
"masterworks 423, llc",NA,NA,NA,NA,NA,NA,NA,NA,NA,NA,NA,NA,NA,NA,NA,NA,NA,NA,NA,NA,NA,NA,NA,NA,NA,NA,NA,NA,NA,NA,NA,NA,NA
"masterworks 424, llc",NA,NA,NA,NA,NA,NA,NA,NA,NA,NA,NA,NA,NA,NA,NA,NA,NA,NA,NA,NA,NA,NA,NA,NA,NA,NA,NA,NA,NA,NA,NA,NA,NA
"masterworks 425, llc",NA,NA,NA,NA,NA,NA,NA,NA,NA,NA,NA,NA,NA,NA,NA,NA,NA,NA,NA,NA,NA,NA,NA,NA,NA,NA,NA,NA,NA,NA,NA,NA,NA
"masterworks 426, llc",NA,NA,NA,NA,NA,NA,NA,NA,NA,NA,NA,NA,NA,NA,NA,NA,NA,NA,NA,NA,NA,NA,NA,NA,NA,NA,NA,NA,NA,NA,NA,NA,NA
"masterworks 427, llc",NA,NA,NA,NA,NA,NA,NA,NA,NA,NA,NA,NA,NA,NA,NA,NA,NA,NA,NA,NA,NA,NA,NA,NA,NA,NA,NA,NA,NA,NA,NA,NA,NA
"masterworks 428, llc",NA,NA,NA,NA,NA,NA,NA,NA,NA,NA,NA,NA,NA,NA,NA,NA,NA,NA,NA,NA,NA,NA,NA,NA,NA,NA,NA,NA,NA,NA,NA,NA,NA
"masterworks 429, llc",NA,NA,NA,NA,NA,NA,NA,NA,NA,NA,NA,NA,NA,NA,NA,NA,NA,NA,NA,NA,NA,NA,NA,NA,NA,NA,NA,NA,NA,NA,NA,NA,NA
"masterworks 430, llc",NA,NA,NA,NA,NA,NA,NA,NA,NA,NA,NA,NA,NA,NA,NA,NA,NA,NA,NA,NA,NA,NA,NA,NA,NA,NA,NA,NA,NA,NA,NA,NA,NA
"masterworks 431, llc",NA,NA,NA,NA,NA,NA,NA,NA,NA,NA,NA,NA,NA,NA,NA,NA,NA,NA,NA,NA,NA,NA,NA,NA,NA,NA,NA,NA,NA,NA,NA,NA,NA
"masterworks 432, llc",NA,NA,NA,NA,NA,NA,NA,NA,NA,NA,NA,NA,NA,NA,NA,NA,NA,NA,NA,NA,NA,NA,NA,NA,NA,NA,NA,NA,NA,NA,NA,NA,NA
"masterworks 433, llc",NA,NA,NA,NA,NA,NA,NA,NA,NA,NA,NA,NA,NA,NA,NA,NA,NA,NA,NA,NA,NA,NA,NA,NA,NA,NA,NA,NA,NA,NA,NA,NA,NA
"masterworks 434, llc",NA,NA,NA,NA,NA,NA,NA,NA,NA,NA,NA,NA,NA,NA,NA,NA,NA,NA,NA,NA,NA,NA,NA,NA,NA,NA,NA,NA,NA,NA,NA,NA,NA
"masterworks 435, llc",NA,NA,NA,NA,NA,NA,NA,NA,NA,NA,NA,NA,NA,NA,NA,NA,NA,NA,NA,NA,NA,NA,NA,NA,NA,NA,NA,NA,NA,NA,NA,NA,NA
"masterworks 436, llc",NA,NA,NA,NA,NA,NA,NA,NA,NA,NA,NA,NA,NA,NA,NA,NA,NA,NA,NA,NA,NA,NA,NA,NA,NA,NA,NA,NA,NA,NA,NA,NA,NA
"masterworks 437, llc",NA,NA,NA,NA,NA,NA,NA,NA,NA,NA,NA,NA,NA,NA,NA,NA,NA,NA,NA,NA,NA,NA,NA,NA,NA,NA,NA,NA,NA,NA,NA,NA,NA
"masterworks 438, llc",NA,NA,NA,NA,NA,NA,NA,NA,NA,NA,NA,NA,NA,NA,NA,NA,NA,NA,NA,NA,NA,NA,NA,NA,NA,NA,NA,NA,NA,NA,NA,NA,NA
"masterworks 439, llc",NA,NA,NA,NA,NA,NA,NA,NA,NA,NA,NA,NA,NA,NA,NA,NA,NA,NA,NA,NA,NA,NA,NA,NA,NA,NA,NA,NA,NA,NA,NA,NA,NA
"masterworks 440, llc",NA,NA,NA,NA,NA,NA,NA,NA,NA,NA,NA,NA,NA,NA,NA,NA,NA,NA,NA,NA,NA,NA,NA,NA,NA,NA,NA,NA,NA,NA,NA,NA,NA
"masterworks 442, llc",NA,NA,NA,NA,NA,NA,NA,NA,NA,NA,NA,NA,NA,NA,NA,NA,NA,NA,NA,NA,NA,NA,NA,NA,NA,NA,NA,NA,NA,NA,NA,NA,NA
"masterworks 444, llc",NA,NA,NA,NA,NA,NA,NA,NA,NA,NA,NA,NA,NA,NA,NA,NA,NA,NA,NA,NA,NA,NA,NA,NA,NA,NA,NA,NA,NA,NA,NA,NA,NA